,H2,CH4,C2H4,C2H2,C2H6,CO,CO2,O2,N2,TOTALHYDROCARBON
0,2.422,0.669,0.0,0.0,0.0,5.091,72.179,,,0.669
1,2.422,0.669,0.0,0.0,0.0,5.091,72.179,,,0.669
2,2.422,0.669,0.0,0.0,0.0,5.091,72.179,,,0.669
3,2.422,0.669,0.0,0.0,0.0,5.091,72.179,,,0.669
4,2.422,0.669,0.0,0.0,0.0,5.091,72.179,,,0.669
5,2.422,0.669,0.0,0.0,0.0,5.091,72.179,,,0.669
6,2.534,0.678,0.0,0.0,0.0,5.481,74.334,,,0.678
7,2.534,0.678,0.0,0.0,0.0,5.481,74.334,,,0.678
8,2.534,0.678,0.0,0.0,0.0,5.481,74.334,,,0.678
9,2.534,0.678,0.0,0.0,0.0,5.481,74.334,,,0.678
10,2.534,0.678,0.0,0.0,0.0,5.481,74.334,,,0.678
11,2.534,0.678,0.0,0.0,0.0,5.481,74.334,,,0.678
12,2.534,0.678,0.0,0.0,0.0,5.481,74.334,,,0.678
13,2.534,0.678,0.0,0.0,0.0,5.481,74.334,,,0.678
14,2.593,0.634,0.0,0.0,0.0,5.422,74.499,,,0.634
15,2.593,0.634,0.0,0.0,0.0,5.422,74.499,,,0.634
16,2.593,0.634,0.0,0.0,0.0,5.422,74.499,,,0.634
17,2.593,0.634,0.0,0.0,0.0,5.422,74.499,,,0.634
18,2.593,0.634,0.0,0.0,0.0,5.422,74.499,,,0.634
19,2.593,0.634,0.0,0.0,0.0,5.422,74.499,,,0.634
20,2.593,0.634,0.0,0.0,0.0,5.422,74.499,,,0.634
21,2.593,0.634,0.0,0.0,0.0,5.422,74.499,,,0.634
22,2.514,0.632,0.0,0.0,0.0,5.419,69.905,,,0.632
23,2.514,0.632,0.0,0.0,0.0,5.419,69.905,,,0.632
24,2.514,0.632,0.0,0.0,0.0,5.419,69.905,,,0.632
25,2.514,0.632,0.0,0.0,0.0,5.419,69.905,,,0.632
26,2.514,0.632,0.0,0.0,0.0,5.419,69.905,,,0.632
27,2.514,0.632,0.0,0.0,0.0,5.419,69.905,,,0.632
28,2.514,0.632,0.0,0.0,0.0,5.419,69.905,,,0.632
29,2.514,0.632,0.0,0.0,0.0,5.419,69.905,,,0.632
30,2.455,0.642,0.0,0.0,0.0,5.336,68.95,,,0.642
31,2.455,0.642,0.0,0.0,0.0,5.336,68.95,,,0.642
32,2.462,0.673,0.0,0.0,0.0,5.684,76.053,,,0.673
33,2.462,0.673,0.0,0.0,0.0,5.684,76.053,,,0.673
34,2.462,0.673,0.0,0.0,0.0,5.684,76.053,,,0.673
35,2.462,0.673,0.0,0.0,0.0,5.684,76.053,,,0.673
36,2.462,0.673,0.0,0.0,0.0,5.684,76.053,,,0.673
37,2.462,0.673,0.0,0.0,0.0,5.684,76.053,,,0.673
38,2.435,0.69,0.0,0.0,0.0,5.848,75.959,,,0.69
39,2.435,0.69,0.0,0.0,0.0,5.848,75.959,,,0.69
40,2.435,0.69,0.0,0.0,0.0,5.848,75.959,,,0.69
41,2.435,0.69,0.0,0.0,0.0,5.848,75.959,,,0.69
42,2.435,0.69,0.0,0.0,0.0,5.848,75.959,,,0.69
43,2.435,0.69,0.0,0.0,0.0,5.848,75.959,,,0.69
44,2.435,0.69,0.0,0.0,0.0,5.848,75.959,,,0.69
45,2.67,0.674,0.0,0.0,0.0,5.698,71.633,,,0.674
46,2.67,0.674,0.0,0.0,0.0,5.698,71.633,,,0.674
47,2.67,0.674,0.0,0.0,0.0,5.698,71.633,,,0.674
48,2.67,0.674,0.0,0.0,0.0,5.698,71.633,,,0.674
49,2.67,0.674,0.0,0.0,0.0,5.698,71.633,,,0.674
50,2.67,0.674,0.0,0.0,0.0,5.698,71.633,,,0.674
51,2.67,0.674,0.0,0.0,0.0,5.698,71.633,,,0.674
52,2.67,0.674,0.0,0.0,0.0,5.698,71.633,,,0.674
53,2.6,0.7,0.0,0.0,0.0,5.813,75.148,,,0.7
54,2.6,0.7,0.0,0.0,0.0,5.813,75.148,,,0.7
55,2.6,0.7,0.0,0.0,0.0,5.813,75.148,,,0.7
56,2.6,0.7,0.0,0.0,0.0,5.813,75.148,,,0.7
57,2.6,0.7,0.0,0.0,0.0,5.813,75.148,,,0.7
58,2.6,0.7,0.0,0.0,0.0,5.813,75.148,,,0.7
59,2.6,0.7,0.0,0.0,0.0,5.813,75.148,,,0.7
60,2.6,0.7,0.0,0.0,0.0,5.813,75.148,,,0.7
61,2.601,0.706,0.0,0.0,0.0,6.04,76.57,,,0.706
62,2.601,0.706,0.0,0.0,0.0,6.04,76.57,,,0.706
63,2.601,0.706,0.0,0.0,0.0,6.04,76.57,,,0.706
64,2.601,0.706,0.0,0.0,0.0,6.04,76.57,,,0.706
65,2.601,0.706,0.0,0.0,0.0,6.04,76.57,,,0.706
66,2.601,0.706,0.0,0.0,0.0,6.04,76.57,,,0.706
67,2.601,0.706,0.0,0.0,0.0,6.04,76.57,,,0.706
68,2.601,0.706,0.0,0.0,0.0,6.04,76.57,,,0.706
69,2.68,0.66,0.0,0.0,0.0,5.743,71.701,,,0.66
70,2.68,0.66,0.0,0.0,0.0,5.743,71.701,,,0.66
71,2.68,0.66,0.0,0.0,0.0,5.743,71.701,,,0.66
72,2.68,0.66,0.0,0.0,0.0,5.743,71.701,,,0.66
73,2.68,0.66,0.0,0.0,0.0,5.743,71.701,,,0.66
74,2.68,0.66,0.0,0.0,0.0,5.743,71.701,,,0.66
75,2.544,0.697,0.0,0.0,0.0,5.946,72.561,,,0.697
76,2.551,0.664,0.0,0.0,0.0,5.861,70.739,,,0.664
77,2.551,0.664,0.0,0.0,0.0,5.861,70.739,,,0.664
78,2.551,0.664,0.0,0.0,0.0,5.861,70.739,,,0.664
79,2.399,0.7,0.0,0.0,0.0,6.043,69.456,,,0.7
80,2.399,0.7,0.0,0.0,0.0,6.043,69.456,,,0.7
81,2.399,0.7,0.0,0.0,0.0,6.043,69.456,,,0.7
82,2.399,0.7,0.0,0.0,0.0,6.043,69.456,,,0.7
83,2.399,0.7,0.0,0.0,0.0,6.043,69.456,,,0.7
84,2.399,0.7,0.0,0.0,0.0,6.043,69.456,,,0.7
85,2.399,0.7,0.0,0.0,0.0,6.043,69.456,,,0.7
86,2.399,0.7,0.0,0.0,0.0,6.043,69.456,,,0.7
87,2.399,0.7,0.0,0.0,0.0,6.043,69.456,,,0.7
88,2.399,0.7,0.0,0.0,0.0,6.043,69.456,,,0.7
89,2.399,0.7,0.0,0.0,0.0,6.043,69.456,,,0.7
90,2.399,0.7,0.0,0.0,0.0,6.043,69.456,,,0.7
91,2.399,0.7,0.0,0.0,0.0,6.043,69.456,,,0.7
92,2.399,0.7,0.0,0.0,0.0,6.043,69.456,,,0.7
93,2.399,0.7,0.0,0.0,0.0,6.043,69.456,,,0.7
94,2.399,0.7,0.0,0.0,0.0,6.043,69.456,,,0.7
95,2.399,0.7,0.0,0.0,0.0,6.043,69.456,,,0.7
96,2.399,0.7,0.0,0.0,0.0,6.043,69.456,,,0.7
97,2.399,0.7,0.0,0.0,0.0,6.043,69.456,,,0.7
98,2.399,0.7,0.0,0.0,0.0,6.043,69.456,,,0.7
99,2.399,0.7,0.0,0.0,0.0,6.043,69.456,,,0.7
100,2.399,0.7,0.0,0.0,0.0,6.043,69.456,,,0.7
101,2.399,0.7,0.0,0.0,0.0,6.043,69.456,,,0.7
102,2.399,0.7,0.0,0.0,0.0,6.043,69.456,,,0.7
103,2.64,0.7,0.0,0.0,0.0,6.242,70.001,,,0.7
104,2.64,0.7,0.0,0.0,0.0,6.242,70.001,,,0.7
105,2.64,0.7,0.0,0.0,0.0,6.242,70.001,,,0.7
106,2.64,0.7,0.0,0.0,0.0,6.242,70.001,,,0.7
107,2.64,0.7,0.0,0.0,0.0,6.242,70.001,,,0.7
108,2.64,0.7,0.0,0.0,0.0,6.242,70.001,,,0.7
109,2.64,0.7,0.0,0.0,0.0,6.242,70.001,,,0.7
110,2.64,0.7,0.0,0.0,0.0,6.242,70.001,,,0.7
111,2.64,0.7,0.0,0.0,0.0,6.242,70.001,,,0.7
112,2.64,0.7,0.0,0.0,0.0,6.242,70.001,,,0.7
113,2.64,0.7,0.0,0.0,0.0,6.242,70.001,,,0.7
114,2.64,0.7,0.0,0.0,0.0,6.242,70.001,,,0.7
115,2.64,0.7,0.0,0.0,0.0,6.242,70.001,,,0.7
116,2.64,0.7,0.0,0.0,0.0,6.242,70.001,,,0.7
117,2.64,0.7,0.0,0.0,0.0,6.242,70.001,,,0.7
118,2.64,0.7,0.0,0.0,0.0,6.242,70.001,,,0.7
119,2.64,0.7,0.0,0.0,0.0,6.242,70.001,,,0.7
120,2.64,0.7,0.0,0.0,0.0,6.242,70.001,,,0.7
121,2.64,0.7,0.0,0.0,0.0,6.242,70.001,,,0.7
122,2.64,0.7,0.0,0.0,0.0,6.242,70.001,,,0.7
123,2.64,0.7,0.0,0.0,0.0,6.242,70.001,,,0.7
124,2.64,0.7,0.0,0.0,0.0,6.242,70.001,,,0.7
125,2.64,0.7,0.0,0.0,0.0,6.242,70.001,,,0.7
126,2.64,0.7,0.0,0.0,0.0,6.242,70.001,,,0.7
127,2.566,0.7,0.0,0.0,0.0,6.147,76.533,,,0.7
128,2.566,0.7,0.0,0.0,0.0,6.147,76.533,,,0.7
129,2.566,0.7,0.0,0.0,0.0,6.147,76.533,,,0.7
130,2.566,0.7,0.0,0.0,0.0,6.147,76.533,,,0.7
131,2.566,0.7,0.0,0.0,0.0,6.147,76.533,,,0.7
132,2.566,0.7,0.0,0.0,0.0,6.147,76.533,,,0.7
133,2.566,0.7,0.0,0.0,0.0,6.147,76.533,,,0.7
134,2.566,0.7,0.0,0.0,0.0,6.147,76.533,,,0.7
135,2.566,0.7,0.0,0.0,0.0,6.147,76.533,,,0.7
136,2.566,0.7,0.0,0.0,0.0,6.147,76.533,,,0.7
137,2.566,0.7,0.0,0.0,0.0,6.147,76.533,,,0.7
138,2.566,0.7,0.0,0.0,0.0,6.147,76.533,,,0.7
139,2.566,0.7,0.0,0.0,0.0,6.147,76.533,,,0.7
140,2.566,0.7,0.0,0.0,0.0,6.147,76.533,,,0.7
141,2.566,0.7,0.0,0.0,0.0,6.147,76.533,,,0.7
142,2.566,0.7,0.0,0.0,0.0,6.147,76.533,,,0.7
143,2.566,0.7,0.0,0.0,0.0,6.147,76.533,,,0.7
144,2.566,0.7,0.0,0.0,0.0,6.147,76.533,,,0.7
145,2.566,0.7,0.0,0.0,0.0,6.147,76.533,,,0.7
146,2.566,0.7,0.0,0.0,0.0,6.147,76.533,,,0.7
147,2.566,0.7,0.0,0.0,0.0,6.147,76.533,,,0.7
148,2.566,0.7,0.0,0.0,0.0,6.147,76.533,,,0.7
149,2.566,0.7,0.0,0.0,0.0,6.147,76.533,,,0.7
150,2.566,0.7,0.0,0.0,0.0,6.147,76.533,,,0.7
151,2.59,0.676,0.0,0.0,0.0,6.09,70.896,,,0.676
152,2.59,0.676,0.0,0.0,0.0,6.09,70.896,,,0.676
153,2.395,0.663,0.0,0.0,0.0,5.712,68.591,,,0.663
154,2.607,0.68,0.0,0.0,0.0,6.143,68.882,,,0.68
155,2.489,0.661,0.0,0.0,0.0,5.677,69.828,,,0.661
156,2.489,0.661,0.0,0.0,0.0,5.677,69.828,,,0.661
157,2.489,0.661,0.0,0.0,0.0,5.677,69.828,,,0.661
158,2.489,0.661,0.0,0.0,0.0,5.677,69.828,,,0.661
159,2.489,0.661,0.0,0.0,0.0,5.677,69.828,,,0.661
160,2.489,0.661,0.0,0.0,0.0,5.677,69.828,,,0.661
161,2.489,0.661,0.0,0.0,0.0,5.677,69.828,,,0.661
162,2.489,0.661,0.0,0.0,0.0,5.677,69.828,,,0.661
163,2.489,0.661,0.0,0.0,0.0,5.677,69.828,,,0.661
164,2.489,0.661,0.0,0.0,0.0,5.677,69.828,,,0.661
165,2.489,0.661,0.0,0.0,0.0,5.677,69.828,,,0.661
166,2.489,0.661,0.0,0.0,0.0,5.677,69.828,,,0.661
167,2.489,0.661,0.0,0.0,0.0,5.677,69.828,,,0.661
168,2.489,0.661,0.0,0.0,0.0,5.677,69.828,,,0.661
169,2.489,0.661,0.0,0.0,0.0,5.677,69.828,,,0.661
170,2.489,0.661,0.0,0.0,0.0,5.677,69.828,,,0.661
171,2.489,0.661,0.0,0.0,0.0,5.677,69.828,,,0.661
172,2.489,0.661,0.0,0.0,0.0,5.677,69.828,,,0.661
173,2.489,0.661,0.0,0.0,0.0,5.677,69.828,,,0.661
174,2.489,0.661,0.0,0.0,0.0,5.677,69.828,,,0.661
175,2.489,0.661,0.0,0.0,0.0,5.677,69.828,,,0.661
176,2.489,0.661,0.0,0.0,0.0,5.677,69.828,,,0.661
177,2.489,0.661,0.0,0.0,0.0,5.677,69.828,,,0.661
178,2.489,0.661,0.0,0.0,0.0,5.677,69.828,,,0.661
179,2.489,0.661,0.0,0.0,0.0,5.677,69.828,,,0.661
180,2.489,0.661,0.0,0.0,0.0,5.677,69.828,,,0.661
181,2.489,0.661,0.0,0.0,0.0,5.677,69.828,,,0.661
182,2.489,0.661,0.0,0.0,0.0,5.677,69.828,,,0.661
183,2.489,0.661,0.0,0.0,0.0,5.677,69.828,,,0.661
184,2.489,0.661,0.0,0.0,0.0,5.677,69.828,,,0.661
185,2.489,0.661,0.0,0.0,0.0,5.677,69.828,,,0.661
186,2.489,0.661,0.0,0.0,0.0,5.677,69.828,,,0.661
187,2.489,0.661,0.0,0.0,0.0,5.677,69.828,,,0.661
188,2.489,0.661,0.0,0.0,0.0,5.677,69.828,,,0.661
189,2.489,0.661,0.0,0.0,0.0,5.677,69.828,,,0.661
190,2.489,0.661,0.0,0.0,0.0,5.677,69.828,,,0.661
191,2.489,0.661,0.0,0.0,0.0,5.677,69.828,,,0.661
192,2.489,0.661,0.0,0.0,0.0,5.677,69.828,,,0.661
193,2.489,0.661,0.0,0.0,0.0,5.677,69.828,,,0.661
194,2.489,0.661,0.0,0.0,0.0,5.677,69.828,,,0.661
195,2.489,0.661,0.0,0.0,0.0,5.677,69.828,,,0.661
196,2.489,0.661,0.0,0.0,0.0,5.677,69.828,,,0.661
197,2.489,0.661,0.0,0.0,0.0,5.677,69.828,,,0.661
198,2.489,0.661,0.0,0.0,0.0,5.677,69.828,,,0.661
199,2.489,0.661,0.0,0.0,0.0,5.677,69.828,,,0.661
200,2.489,0.661,0.0,0.0,0.0,5.677,69.828,,,0.661
201,2.489,0.661,0.0,0.0,0.0,5.677,69.828,,,0.661
202,2.489,0.661,0.0,0.0,0.0,5.677,69.828,,,0.661
203,2.489,0.661,0.0,0.0,0.0,5.677,69.828,,,0.661
204,2.489,0.661,0.0,0.0,0.0,5.677,69.828,,,0.661
205,2.489,0.661,0.0,0.0,0.0,5.677,69.828,,,0.661
206,2.489,0.661,0.0,0.0,0.0,5.677,69.828,,,0.661
207,2.489,0.661,0.0,0.0,0.0,5.677,69.828,,,0.661
208,2.489,0.661,0.0,0.0,0.0,5.677,69.828,,,0.661
209,2.489,0.661,0.0,0.0,0.0,5.677,69.828,,,0.661
210,2.489,0.661,0.0,0.0,0.0,5.677,69.828,,,0.661
211,2.489,0.661,0.0,0.0,0.0,5.677,69.828,,,0.661
212,2.489,0.661,0.0,0.0,0.0,5.677,69.828,,,0.661
213,2.489,0.661,0.0,0.0,0.0,5.677,69.828,,,0.661
214,2.489,0.661,0.0,0.0,0.0,5.677,69.828,,,0.661
215,2.489,0.661,0.0,0.0,0.0,5.677,69.828,,,0.661
216,2.489,0.661,0.0,0.0,0.0,5.677,69.828,,,0.661
217,2.489,0.661,0.0,0.0,0.0,5.677,69.828,,,0.661
218,2.489,0.661,0.0,0.0,0.0,5.677,69.828,,,0.661
219,2.489,0.661,0.0,0.0,0.0,5.677,69.828,,,0.661
220,2.489,0.661,0.0,0.0,0.0,5.677,69.828,,,0.661
221,2.489,0.661,0.0,0.0,0.0,5.677,69.828,,,0.661
222,2.489,0.661,0.0,0.0,0.0,5.677,69.828,,,0.661
223,2.489,0.661,0.0,0.0,0.0,5.677,69.828,,,0.661
224,2.489,0.661,0.0,0.0,0.0,5.677,69.828,,,0.661
225,2.489,0.661,0.0,0.0,0.0,5.677,69.828,,,0.661
226,2.489,0.661,0.0,0.0,0.0,5.677,69.828,,,0.661
227,2.489,0.661,0.0,0.0,0.0,5.677,69.828,,,0.661
228,2.489,0.661,0.0,0.0,0.0,5.677,69.828,,,0.661
229,2.489,0.661,0.0,0.0,0.0,5.677,69.828,,,0.661
230,2.489,0.661,0.0,0.0,0.0,5.677,69.828,,,0.661
231,2.489,0.661,0.0,0.0,0.0,5.677,69.828,,,0.661
232,2.489,0.661,0.0,0.0,0.0,5.677,69.828,,,0.661
233,2.489,0.661,0.0,0.0,0.0,5.677,69.828,,,0.661
234,2.489,0.661,0.0,0.0,0.0,5.677,69.828,,,0.661
235,2.489,0.661,0.0,0.0,0.0,5.677,69.828,,,0.661
236,2.489,0.661,0.0,0.0,0.0,5.677,69.828,,,0.661
237,2.489,0.661,0.0,0.0,0.0,5.677,69.828,,,0.661
238,2.489,0.661,0.0,0.0,0.0,5.677,69.828,,,0.661
239,2.489,0.661,0.0,0.0,0.0,5.677,69.828,,,0.661
240,2.489,0.661,0.0,0.0,0.0,5.677,69.828,,,0.661
241,2.489,0.661,0.0,0.0,0.0,5.677,69.828,,,0.661
242,2.489,0.661,0.0,0.0,0.0,5.677,69.828,,,0.661
243,2.489,0.661,0.0,0.0,0.0,5.677,69.828,,,0.661
244,2.489,0.661,0.0,0.0,0.0,5.677,69.828,,,0.661
245,2.489,0.661,0.0,0.0,0.0,5.677,69.828,,,0.661
246,2.489,0.661,0.0,0.0,0.0,5.677,69.828,,,0.661
247,2.489,0.661,0.0,0.0,0.0,5.677,69.828,,,0.661
248,2.489,0.661,0.0,0.0,0.0,5.677,69.828,,,0.661
249,2.489,0.661,0.0,0.0,0.0,5.677,69.828,,,0.661
250,2.489,0.661,0.0,0.0,0.0,5.677,69.828,,,0.661
251,2.489,0.661,0.0,0.0,0.0,5.677,69.828,,,0.661
252,2.489,0.661,0.0,0.0,0.0,5.677,69.828,,,0.661
253,2.489,0.661,0.0,0.0,0.0,5.677,69.828,,,0.661
254,2.489,0.661,0.0,0.0,0.0,5.677,69.828,,,0.661
255,2.489,0.661,0.0,0.0,0.0,5.677,69.828,,,0.661
256,2.489,0.661,0.0,0.0,0.0,5.677,69.828,,,0.661
257,2.489,0.661,0.0,0.0,0.0,5.677,69.828,,,0.661
258,2.489,0.661,0.0,0.0,0.0,5.677,69.828,,,0.661
259,2.489,0.661,0.0,0.0,0.0,5.677,69.828,,,0.661
260,2.489,0.661,0.0,0.0,0.0,5.677,69.828,,,0.661
261,2.489,0.661,0.0,0.0,0.0,5.677,69.828,,,0.661
262,2.489,0.661,0.0,0.0,0.0,5.677,69.828,,,0.661
263,2.489,0.661,0.0,0.0,0.0,5.677,69.828,,,0.661
264,2.489,0.661,0.0,0.0,0.0,5.677,69.828,,,0.661
265,2.489,0.661,0.0,0.0,0.0,5.677,69.828,,,0.661
266,2.489,0.661,0.0,0.0,0.0,5.677,69.828,,,0.661
267,2.489,0.661,0.0,0.0,0.0,5.677,69.828,,,0.661
268,2.489,0.661,0.0,0.0,0.0,5.677,69.828,,,0.661
269,2.489,0.661,0.0,0.0,0.0,5.677,69.828,,,0.661
270,2.489,0.661,0.0,0.0,0.0,5.677,69.828,,,0.661
271,2.489,0.661,0.0,0.0,0.0,5.677,69.828,,,0.661
272,2.489,0.661,0.0,0.0,0.0,5.677,69.828,,,0.661
273,2.489,0.661,0.0,0.0,0.0,5.677,69.828,,,0.661
274,2.489,0.661,0.0,0.0,0.0,5.677,69.828,,,0.661
275,2.489,0.661,0.0,0.0,0.0,5.677,69.828,,,0.661
276,2.489,0.661,0.0,0.0,0.0,5.677,69.828,,,0.661
277,2.454,0.652,0.0,0.0,0.0,6.06,67.517,,,0.652
278,2.454,0.652,0.0,0.0,0.0,6.06,67.517,,,0.652
279,2.454,0.652,0.0,0.0,0.0,6.06,67.517,,,0.652
280,2.454,0.652,0.0,0.0,0.0,6.06,67.517,,,0.652
281,2.454,0.652,0.0,0.0,0.0,6.06,67.517,,,0.652
282,2.454,0.652,0.0,0.0,0.0,6.06,67.517,,,0.652
283,2.454,0.652,0.0,0.0,0.0,6.06,67.517,,,0.652
284,2.454,0.652,0.0,0.0,0.0,6.06,67.517,,,0.652
285,2.436,0.658,0.0,0.0,0.0,5.836,68.006,,,0.658
286,2.436,0.658,0.0,0.0,0.0,5.836,68.006,,,0.658
287,2.436,0.658,0.0,0.0,0.0,5.836,68.006,,,0.658
288,2.436,0.658,0.0,0.0,0.0,5.836,68.006,,,0.658
289,2.436,0.658,0.0,0.0,0.0,5.836,68.006,,,0.658
290,2.436,0.658,0.0,0.0,0.0,5.836,68.006,,,0.658
291,2.436,0.658,0.0,0.0,0.0,5.836,68.006,,,0.658
292,2.436,0.658,0.0,0.0,0.0,5.836,68.006,,,0.658
293,2.436,0.658,0.0,0.0,0.0,5.836,68.006,,,0.658
294,2.436,0.658,0.0,0.0,0.0,5.836,68.006,,,0.658
295,2.436,0.658,0.0,0.0,0.0,5.836,68.006,,,0.658
296,2.436,0.658,0.0,0.0,0.0,5.836,68.006,,,0.658
297,2.436,0.658,0.0,0.0,0.0,5.836,68.006,,,0.658
298,2.436,0.658,0.0,0.0,0.0,5.836,68.006,,,0.658
299,2.436,0.658,0.0,0.0,0.0,5.836,68.006,,,0.658
300,2.436,0.658,0.0,0.0,0.0,5.836,68.006,,,0.658
301,2.43,0.658,0.0,0.0,0.0,5.682,68.02,,,0.658
302,2.43,0.658,0.0,0.0,0.0,5.682,68.02,,,0.658
303,2.43,0.658,0.0,0.0,0.0,5.682,68.02,,,0.658
304,2.43,0.658,0.0,0.0,0.0,5.682,68.02,,,0.658
305,2.43,0.658,0.0,0.0,0.0,5.682,68.02,,,0.658
306,2.43,0.658,0.0,0.0,0.0,5.682,68.02,,,0.658
307,2.43,0.658,0.0,0.0,0.0,5.682,68.02,,,0.658
308,2.43,0.658,0.0,0.0,0.0,5.682,68.02,,,0.658
309,2.392,0.638,0.0,0.0,0.0,5.746,66.93,,,0.638
310,2.392,0.638,0.0,0.0,0.0,5.746,66.93,,,0.638
311,2.392,0.638,0.0,0.0,0.0,5.746,66.93,,,0.638
312,2.392,0.638,0.0,0.0,0.0,5.746,66.93,,,0.638
313,2.392,0.638,0.0,0.0,0.0,5.746,66.93,,,0.638
314,2.392,0.638,0.0,0.0,0.0,5.746,66.93,,,0.638
315,2.392,0.638,0.0,0.0,0.0,5.746,66.93,,,0.638
316,2.392,0.638,0.0,0.0,0.0,5.746,66.93,,,0.638
317,2.392,0.638,0.0,0.0,0.0,5.746,66.93,,,0.638
318,2.392,0.638,0.0,0.0,0.0,5.746,66.93,,,0.638
319,2.392,0.638,0.0,0.0,0.0,5.746,66.93,,,0.638
320,2.392,0.638,0.0,0.0,0.0,5.746,66.93,,,0.638
321,2.392,0.638,0.0,0.0,0.0,5.746,66.93,,,0.638
322,2.392,0.638,0.0,0.0,0.0,5.746,66.93,,,0.638
323,2.392,0.638,0.0,0.0,0.0,5.746,66.93,,,0.638
324,2.392,0.638,0.0,0.0,0.0,5.746,66.93,,,0.638
325,2.297,0.634,0.0,0.0,0.0,6.028,62.341,,,0.634
326,2.297,0.634,0.0,0.0,0.0,6.028,62.341,,,0.634
327,2.297,0.634,0.0,0.0,0.0,6.028,62.341,,,0.634
328,2.297,0.634,0.0,0.0,0.0,6.028,62.341,,,0.634
329,2.297,0.634,0.0,0.0,0.0,6.028,62.341,,,0.634
330,2.297,0.634,0.0,0.0,0.0,6.028,62.341,,,0.634
331,2.297,0.634,0.0,0.0,0.0,6.028,62.341,,,0.634
332,2.297,0.634,0.0,0.0,0.0,6.028,62.341,,,0.634
333,2.313,0.63,0.0,0.0,0.0,5.52,62.188,,,0.63
334,2.313,0.63,0.0,0.0,0.0,5.52,62.188,,,0.63
335,2.313,0.63,0.0,0.0,0.0,5.52,62.188,,,0.63
336,2.313,0.63,0.0,0.0,0.0,5.52,62.188,,,0.63
337,2.313,0.63,0.0,0.0,0.0,5.52,62.188,,,0.63
338,2.313,0.63,0.0,0.0,0.0,5.52,62.188,,,0.63
339,2.313,0.63,0.0,0.0,0.0,5.52,62.188,,,0.63
340,2.313,0.63,0.0,0.0,0.0,5.52,62.188,,,0.63
341,2.313,0.63,0.0,0.0,0.0,5.52,62.188,,,0.63
342,2.313,0.63,0.0,0.0,0.0,5.52,62.188,,,0.63
343,2.313,0.63,0.0,0.0,0.0,5.52,62.188,,,0.63
344,2.313,0.63,0.0,0.0,0.0,5.52,62.188,,,0.63
345,2.313,0.63,0.0,0.0,0.0,5.52,62.188,,,0.63
346,2.313,0.63,0.0,0.0,0.0,5.52,62.188,,,0.63
347,2.168,0.598,0.0,0.0,0.0,5.674,64.775,,,0.598
348,2.168,0.598,0.0,0.0,0.0,5.674,64.775,,,0.598
349,2.168,0.598,0.0,0.0,0.0,5.674,64.775,,,0.598
350,2.168,0.598,0.0,0.0,0.0,5.674,64.775,,,0.598
351,2.194,0.602,0.0,0.0,0.0,5.565,61.797,,,0.602
352,2.194,0.602,0.0,0.0,0.0,5.565,61.797,,,0.602
353,2.194,0.602,0.0,0.0,0.0,5.565,61.797,,,0.602
354,2.194,0.602,0.0,0.0,0.0,5.565,61.797,,,0.602
355,2.194,0.602,0.0,0.0,0.0,5.565,61.797,,,0.602
356,2.194,0.602,0.0,0.0,0.0,5.565,61.797,,,0.602
357,2.194,0.602,0.0,0.0,0.0,5.565,61.797,,,0.602
358,2.194,0.602,0.0,0.0,0.0,5.565,61.797,,,0.602
359,2.194,0.657,0.0,0.0,0.0,5.582,64.978,,,0.657
360,2.194,0.657,0.0,0.0,0.0,5.582,64.978,,,0.657
361,2.194,0.657,0.0,0.0,0.0,5.582,64.978,,,0.657
362,2.194,0.657,0.0,0.0,0.0,5.582,64.978,,,0.657
363,2.194,0.657,0.0,0.0,0.0,5.582,64.978,,,0.657
364,2.194,0.657,0.0,0.0,0.0,5.582,64.978,,,0.657
365,2.194,0.657,0.0,0.0,0.0,5.582,64.978,,,0.657
366,2.194,0.657,0.0,0.0,0.0,5.582,64.978,,,0.657
367,2.194,0.657,0.0,0.0,0.0,5.582,64.978,,,0.657
368,2.194,0.657,0.0,0.0,0.0,5.582,64.978,,,0.657
369,2.194,0.657,0.0,0.0,0.0,5.582,64.978,,,0.657
370,2.194,0.657,0.0,0.0,0.0,5.582,64.978,,,0.657
371,2.194,0.657,0.0,0.0,0.0,5.582,64.978,,,0.657
372,2.194,0.657,0.0,0.0,0.0,5.582,64.978,,,0.657
373,2.194,0.657,0.0,0.0,0.0,5.582,64.978,,,0.657
374,2.194,0.657,0.0,0.0,0.0,5.582,64.978,,,0.657
375,2.294,0.639,0.0,0.0,0.0,5.87,66.419,,,0.639
376,2.294,0.639,0.0,0.0,0.0,5.87,66.419,,,0.639
377,2.294,0.639,0.0,0.0,0.0,5.87,66.419,,,0.639
378,2.294,0.639,0.0,0.0,0.0,5.87,66.419,,,0.639
379,2.294,0.639,0.0,0.0,0.0,5.87,66.419,,,0.639
380,2.294,0.639,0.0,0.0,0.0,5.87,66.419,,,0.639
381,2.294,0.639,0.0,0.0,0.0,5.87,66.419,,,0.639
382,2.294,0.639,0.0,0.0,0.0,5.87,66.419,,,0.639
383,2.107,0.596,0.0,0.0,0.0,5.587,65.568,,,0.596
384,2.107,0.596,0.0,0.0,0.0,5.587,65.568,,,0.596
385,2.107,0.596,0.0,0.0,0.0,5.587,65.568,,,0.596
386,2.107,0.596,0.0,0.0,0.0,5.587,65.568,,,0.596
387,2.107,0.596,0.0,0.0,0.0,5.587,65.568,,,0.596
388,2.107,0.596,0.0,0.0,0.0,5.587,65.568,,,0.596
389,2.107,0.596,0.0,0.0,0.0,5.587,65.568,,,0.596
390,2.107,0.596,0.0,0.0,0.0,5.587,65.568,,,0.596
391,2.107,0.596,0.0,0.0,0.0,5.587,65.568,,,0.596
392,2.107,0.596,0.0,0.0,0.0,5.587,65.568,,,0.596
393,2.107,0.596,0.0,0.0,0.0,5.587,65.568,,,0.596
394,2.107,0.596,0.0,0.0,0.0,5.587,65.568,,,0.596
395,2.107,0.596,0.0,0.0,0.0,5.587,65.568,,,0.596
396,2.107,0.596,0.0,0.0,0.0,5.587,65.568,,,0.596
397,2.107,0.596,0.0,0.0,0.0,5.587,65.568,,,0.596
398,2.107,0.596,0.0,0.0,0.0,5.587,65.568,,,0.596
399,2.161,0.616,0.0,0.0,0.0,5.446,66.265,,,0.616
400,2.161,0.616,0.0,0.0,0.0,5.446,66.265,,,0.616
401,2.161,0.616,0.0,0.0,0.0,5.446,66.265,,,0.616
402,2.161,0.616,0.0,0.0,0.0,5.446,66.265,,,0.616
403,2.161,0.616,0.0,0.0,0.0,5.446,66.265,,,0.616
404,2.161,0.616,0.0,0.0,0.0,5.446,66.265,,,0.616
405,2.161,0.616,0.0,0.0,0.0,5.446,66.265,,,0.616
406,2.161,0.616,0.0,0.0,0.0,5.446,66.265,,,0.616
407,2.161,0.638,0.0,0.0,0.0,5.442,67.77,,,0.638
408,2.161,0.638,0.0,0.0,0.0,5.442,67.77,,,0.638
409,2.161,0.638,0.0,0.0,0.0,5.442,67.77,,,0.638
410,2.161,0.638,0.0,0.0,0.0,5.442,67.77,,,0.638
411,2.161,0.638,0.0,0.0,0.0,5.442,67.77,,,0.638
412,2.161,0.638,0.0,0.0,0.0,5.442,67.77,,,0.638
413,2.161,0.638,0.0,0.0,0.0,5.442,67.77,,,0.638
414,2.161,0.638,0.0,0.0,0.0,5.442,67.77,,,0.638
415,2.161,0.638,0.0,0.0,0.0,5.442,67.77,,,0.638
416,2.161,0.638,0.0,0.0,0.0,5.442,67.77,,,0.638
417,2.161,0.638,0.0,0.0,0.0,5.442,67.77,,,0.638
418,2.161,0.638,0.0,0.0,0.0,5.442,67.77,,,0.638
419,2.161,0.638,0.0,0.0,0.0,5.442,67.77,,,0.638
420,2.161,0.638,0.0,0.0,0.0,5.442,67.77,,,0.638
421,2.161,0.638,0.0,0.0,0.0,5.442,67.77,,,0.638
422,2.161,0.638,0.0,0.0,0.0,5.442,67.77,,,0.638
423,2.245,0.632,0.0,0.0,0.0,6.008,68.632,,,0.632
424,2.245,0.632,0.0,0.0,0.0,6.008,68.632,,,0.632
425,2.245,0.632,0.0,0.0,0.0,6.008,68.632,,,0.632
426,2.245,0.632,0.0,0.0,0.0,6.008,68.632,,,0.632
427,2.245,0.632,0.0,0.0,0.0,6.008,68.632,,,0.632
428,2.245,0.632,0.0,0.0,0.0,6.008,68.632,,,0.632
429,2.245,0.632,0.0,0.0,0.0,6.008,68.632,,,0.632
430,2.174,0.58,0.0,0.0,0.0,4.763,70.404,,,0.58
431,2.174,0.58,0.0,0.0,0.0,4.763,70.404,,,0.58
432,2.174,0.58,0.0,0.0,0.0,4.763,70.404,,,0.58
433,2.174,0.58,0.0,0.0,0.0,4.763,70.404,,,0.58
434,2.174,0.58,0.0,0.0,0.0,4.763,70.404,,,0.58
435,2.174,0.58,0.0,0.0,0.0,4.763,70.404,,,0.58
436,2.174,0.58,0.0,0.0,0.0,4.763,70.404,,,0.58
437,2.174,0.58,0.0,0.0,0.0,4.763,70.404,,,0.58
438,2.174,0.58,0.0,0.0,0.0,4.763,70.404,,,0.58
439,2.273,0.555,0.0,0.0,0.0,4.99,67.424,,,0.555
440,2.273,0.555,0.0,0.0,0.0,4.99,67.424,,,0.555
441,2.273,0.555,0.0,0.0,0.0,4.99,67.424,,,0.555
442,2.273,0.555,0.0,0.0,0.0,4.99,67.424,,,0.555
443,2.273,0.555,0.0,0.0,0.0,4.99,67.424,,,0.555
444,2.268,0.583,0.0,0.0,0.0,4.757,66.338,,,0.583
445,2.268,0.583,0.0,0.0,0.0,4.757,66.338,,,0.583
446,2.268,0.583,0.0,0.0,0.0,4.757,66.338,,,0.583
447,2.268,0.583,0.0,0.0,0.0,4.757,66.338,,,0.583
448,2.268,0.583,0.0,0.0,0.0,4.757,66.338,,,0.583
449,2.268,0.583,0.0,0.0,0.0,4.757,66.338,,,0.583
450,2.268,0.583,0.0,0.0,0.0,4.757,66.338,,,0.583
451,2.268,0.583,0.0,0.0,0.0,4.757,66.338,,,0.583
452,2.268,0.583,0.0,0.0,0.0,4.757,66.338,,,0.583
453,2.268,0.583,0.0,0.0,0.0,4.757,66.338,,,0.583
454,2.268,0.583,0.0,0.0,0.0,4.757,66.338,,,0.583
455,2.268,0.583,0.0,0.0,0.0,4.757,66.338,,,0.583
456,2.268,0.583,0.0,0.0,0.0,4.757,66.338,,,0.583
457,2.268,0.583,0.0,0.0,0.0,4.757,66.338,,,0.583
458,2.268,0.583,0.0,0.0,0.0,4.757,66.338,,,0.583
459,2.268,0.583,0.0,0.0,0.0,4.757,66.338,,,0.583
460,2.17,0.556,0.0,0.0,0.0,4.706,70.856,,,0.556
461,2.17,0.556,0.0,0.0,0.0,4.706,70.856,,,0.556
462,2.17,0.556,0.0,0.0,0.0,4.706,70.856,,,0.556
463,2.17,0.556,0.0,0.0,0.0,4.706,70.856,,,0.556
464,2.17,0.556,0.0,0.0,0.0,4.706,70.856,,,0.556
465,2.17,0.556,0.0,0.0,0.0,4.706,70.856,,,0.556
466,2.17,0.556,0.0,0.0,0.0,4.706,70.856,,,0.556
467,2.17,0.556,0.0,0.0,0.0,4.706,70.856,,,0.556
468,2.274,0.584,0.0,0.0,0.0,5.016,70.228,,,0.584
469,2.274,0.584,0.0,0.0,0.0,5.016,70.228,,,0.584
470,2.274,0.584,0.0,0.0,0.0,5.016,70.228,,,0.584
471,2.274,0.584,0.0,0.0,0.0,5.016,70.228,,,0.584
472,2.274,0.584,0.0,0.0,0.0,5.016,70.228,,,0.584
473,2.274,0.584,0.0,0.0,0.0,5.016,70.228,,,0.584
474,2.274,0.584,0.0,0.0,0.0,5.016,70.228,,,0.584
475,2.274,0.584,0.0,0.0,0.0,5.016,70.228,,,0.584
476,2.274,0.584,0.0,0.0,0.0,5.016,70.228,,,0.584
477,2.274,0.584,0.0,0.0,0.0,5.016,70.228,,,0.584
478,2.274,0.584,0.0,0.0,0.0,5.016,70.228,,,0.584
479,2.274,0.584,0.0,0.0,0.0,5.016,70.228,,,0.584
480,2.274,0.584,0.0,0.0,0.0,5.016,70.228,,,0.584
481,2.274,0.584,0.0,0.0,0.0,5.016,70.228,,,0.584
482,2.274,0.584,0.0,0.0,0.0,5.016,70.228,,,0.584
483,2.274,0.584,0.0,0.0,0.0,5.016,70.228,,,0.584
484,2.283,0.603,0.0,0.0,0.0,4.978,67.175,,,0.603
485,2.283,0.603,0.0,0.0,0.0,4.978,67.175,,,0.603
486,2.283,0.603,0.0,0.0,0.0,4.978,67.175,,,0.603
487,2.283,0.603,0.0,0.0,0.0,4.978,67.175,,,0.603
488,2.283,0.603,0.0,0.0,0.0,4.978,67.175,,,0.603
489,2.283,0.603,0.0,0.0,0.0,4.978,67.175,,,0.603
490,2.283,0.603,0.0,0.0,0.0,4.978,67.175,,,0.603
491,2.283,0.603,0.0,0.0,0.0,4.978,67.175,,,0.603
492,2.218,0.606,0.0,0.0,0.0,4.692,70.365,,,0.606
493,2.218,0.606,0.0,0.0,0.0,4.692,70.365,,,0.606
494,2.218,0.606,0.0,0.0,0.0,4.692,70.365,,,0.606
495,2.218,0.606,0.0,0.0,0.0,4.692,70.365,,,0.606
496,2.218,0.606,0.0,0.0,0.0,4.692,70.365,,,0.606
497,2.218,0.606,0.0,0.0,0.0,4.692,70.365,,,0.606
498,2.218,0.606,0.0,0.0,0.0,4.692,70.365,,,0.606
499,2.218,0.606,0.0,0.0,0.0,4.692,70.365,,,0.606
500,2.218,0.606,0.0,0.0,0.0,4.692,70.365,,,0.606
501,2.218,0.606,0.0,0.0,0.0,4.692,70.365,,,0.606
502,2.218,0.606,0.0,0.0,0.0,4.692,70.365,,,0.606
503,2.218,0.606,0.0,0.0,0.0,4.692,70.365,,,0.606
504,2.218,0.606,0.0,0.0,0.0,4.692,70.365,,,0.606
505,2.218,0.606,0.0,0.0,0.0,4.692,70.365,,,0.606
506,2.218,0.606,0.0,0.0,0.0,4.692,70.365,,,0.606
507,2.218,0.606,0.0,0.0,0.0,4.692,70.365,,,0.606
508,2.314,0.565,0.0,0.0,0.0,4.752,71.675,,,0.565
509,2.314,0.565,0.0,0.0,0.0,4.752,71.675,,,0.565
510,2.314,0.565,0.0,0.0,0.0,4.752,71.675,,,0.565
511,2.314,0.565,0.0,0.0,0.0,4.752,71.675,,,0.565
512,2.314,0.565,0.0,0.0,0.0,4.752,71.675,,,0.565
513,2.314,0.565,0.0,0.0,0.0,4.752,71.675,,,0.565
514,2.314,0.565,0.0,0.0,0.0,4.752,71.675,,,0.565
515,2.314,0.565,0.0,0.0,0.0,4.752,71.675,,,0.565
516,2.18,0.605,0.0,0.0,0.0,4.752,71.884,,,0.605
517,2.18,0.605,0.0,0.0,0.0,4.752,71.884,,,0.605
518,2.18,0.605,0.0,0.0,0.0,4.752,71.884,,,0.605
519,2.18,0.605,0.0,0.0,0.0,4.752,71.884,,,0.605
520,2.18,0.605,0.0,0.0,0.0,4.752,71.884,,,0.605
521,2.18,0.605,0.0,0.0,0.0,4.752,71.884,,,0.605
522,2.18,0.605,0.0,0.0,0.0,4.752,71.884,,,0.605
523,2.18,0.605,0.0,0.0,0.0,4.752,71.884,,,0.605
524,2.18,0.605,0.0,0.0,0.0,4.752,71.884,,,0.605
525,2.18,0.605,0.0,0.0,0.0,4.752,71.884,,,0.605
526,2.18,0.605,0.0,0.0,0.0,4.752,71.884,,,0.605
527,2.18,0.605,0.0,0.0,0.0,4.752,71.884,,,0.605
528,2.18,0.605,0.0,0.0,0.0,4.752,71.884,,,0.605
529,2.18,0.605,0.0,0.0,0.0,4.752,71.884,,,0.605
530,2.18,0.605,0.0,0.0,0.0,4.752,71.884,,,0.605
531,2.18,0.605,0.0,0.0,0.0,4.752,71.884,,,0.605
532,2.197,0.605,0.0,0.0,0.0,4.729,71.952,,,0.605
533,2.197,0.605,0.0,0.0,0.0,4.729,71.952,,,0.605
534,2.197,0.605,0.0,0.0,0.0,4.729,71.952,,,0.605
535,2.197,0.605,0.0,0.0,0.0,4.729,71.952,,,0.605
536,2.197,0.605,0.0,0.0,0.0,4.729,71.952,,,0.605
537,2.197,0.605,0.0,0.0,0.0,4.729,71.952,,,0.605
538,2.197,0.605,0.0,0.0,0.0,4.729,71.952,,,0.605
539,2.197,0.605,0.0,0.0,0.0,4.729,71.952,,,0.605
540,2.379,0.605,0.0,0.0,0.0,4.583,73.163,,,0.605
541,2.379,0.605,0.0,0.0,0.0,4.583,73.163,,,0.605
542,2.379,0.605,0.0,0.0,0.0,4.583,73.163,,,0.605
543,2.379,0.605,0.0,0.0,0.0,4.583,73.163,,,0.605
544,2.379,0.605,0.0,0.0,0.0,4.583,73.163,,,0.605
545,2.379,0.605,0.0,0.0,0.0,4.583,73.163,,,0.605
546,2.379,0.605,0.0,0.0,0.0,4.583,73.163,,,0.605
547,2.379,0.605,0.0,0.0,0.0,4.583,73.163,,,0.605
548,2.379,0.605,0.0,0.0,0.0,4.583,73.163,,,0.605
549,2.379,0.605,0.0,0.0,0.0,4.583,73.163,,,0.605
550,2.379,0.605,0.0,0.0,0.0,4.583,73.163,,,0.605
551,2.379,0.605,0.0,0.0,0.0,4.583,73.163,,,0.605
552,2.379,0.605,0.0,0.0,0.0,4.583,73.163,,,0.605
553,2.379,0.605,0.0,0.0,0.0,4.583,73.163,,,0.605
554,2.379,0.605,0.0,0.0,0.0,4.583,73.163,,,0.605
555,2.379,0.605,0.0,0.0,0.0,4.583,73.163,,,0.605
556,2.349,0.605,0.0,0.0,0.0,4.547,75.789,,,0.605
557,2.349,0.605,0.0,0.0,0.0,4.547,75.789,,,0.605
558,2.349,0.605,0.0,0.0,0.0,4.547,75.789,,,0.605
559,2.349,0.605,0.0,0.0,0.0,4.547,75.789,,,0.605
560,2.349,0.605,0.0,0.0,0.0,4.547,75.789,,,0.605
561,2.349,0.605,0.0,0.0,0.0,4.547,75.789,,,0.605
562,2.349,0.605,0.0,0.0,0.0,4.547,75.789,,,0.605
563,2.349,0.605,0.0,0.0,0.0,4.547,75.789,,,0.605
564,2.324,0.637,0.0,0.0,0.0,4.778,70.463,,,0.637
565,2.324,0.637,0.0,0.0,0.0,4.778,70.463,,,0.637
566,2.324,0.637,0.0,0.0,0.0,4.778,70.463,,,0.637
567,2.324,0.637,0.0,0.0,0.0,4.778,70.463,,,0.637
568,2.324,0.637,0.0,0.0,0.0,4.778,70.463,,,0.637
569,2.324,0.637,0.0,0.0,0.0,4.778,70.463,,,0.637
570,2.324,0.637,0.0,0.0,0.0,4.778,70.463,,,0.637
571,2.324,0.637,0.0,0.0,0.0,4.778,70.463,,,0.637
572,2.324,0.637,0.0,0.0,0.0,4.778,70.463,,,0.637
573,2.324,0.637,0.0,0.0,0.0,4.778,70.463,,,0.637
574,2.324,0.637,0.0,0.0,0.0,4.778,70.463,,,0.637
575,2.324,0.637,0.0,0.0,0.0,4.778,70.463,,,0.637
576,2.324,0.637,0.0,0.0,0.0,4.778,70.463,,,0.637
577,2.324,0.637,0.0,0.0,0.0,4.778,70.463,,,0.637
578,2.324,0.637,0.0,0.0,0.0,4.778,70.463,,,0.637
579,2.324,0.637,0.0,0.0,0.0,4.778,70.463,,,0.637
580,2.406,0.645,0.0,0.0,0.0,4.778,75.533,,,0.645
581,2.406,0.645,0.0,0.0,0.0,4.778,75.533,,,0.645
582,2.406,0.645,0.0,0.0,0.0,4.778,75.533,,,0.645
583,2.406,0.645,0.0,0.0,0.0,4.778,75.533,,,0.645
584,2.406,0.645,0.0,0.0,0.0,4.778,75.533,,,0.645
585,2.406,0.645,0.0,0.0,0.0,4.778,75.533,,,0.645
586,2.406,0.645,0.0,0.0,0.0,4.778,75.533,,,0.645
587,2.406,0.645,0.0,0.0,0.0,4.778,75.533,,,0.645
588,2.378,0.647,0.0,0.0,0.0,4.726,70.87,,,0.647
589,2.378,0.647,0.0,0.0,0.0,4.726,70.87,,,0.647
590,2.378,0.647,0.0,0.0,0.0,4.726,70.87,,,0.647
591,2.378,0.647,0.0,0.0,0.0,4.726,70.87,,,0.647
592,2.378,0.647,0.0,0.0,0.0,4.726,70.87,,,0.647
593,2.378,0.647,0.0,0.0,0.0,4.726,70.87,,,0.647
594,2.378,0.647,0.0,0.0,0.0,4.726,70.87,,,0.647
595,2.378,0.647,0.0,0.0,0.0,4.726,70.87,,,0.647
596,2.378,0.647,0.0,0.0,0.0,4.726,70.87,,,0.647
597,2.378,0.647,0.0,0.0,0.0,4.726,70.87,,,0.647
598,2.378,0.647,0.0,0.0,0.0,4.726,70.87,,,0.647
599,2.378,0.647,0.0,0.0,0.0,4.726,70.87,,,0.647
600,2.378,0.647,0.0,0.0,0.0,4.726,70.87,,,0.647
601,2.378,0.647,0.0,0.0,0.0,4.726,70.87,,,0.647
602,2.378,0.647,0.0,0.0,0.0,4.726,70.87,,,0.647
603,2.378,0.647,0.0,0.0,0.0,4.726,70.87,,,0.647
604,2.435,0.648,0.0,0.0,0.0,4.957,75.546,,,0.648
605,2.435,0.648,0.0,0.0,0.0,4.957,75.546,,,0.648
606,2.435,0.648,0.0,0.0,0.0,4.957,75.546,,,0.648
607,2.435,0.648,0.0,0.0,0.0,4.957,75.546,,,0.648
608,2.435,0.648,0.0,0.0,0.0,4.957,75.546,,,0.648
609,2.435,0.648,0.0,0.0,0.0,4.957,75.546,,,0.648
610,2.435,0.648,0.0,0.0,0.0,4.957,75.546,,,0.648
611,2.435,0.648,0.0,0.0,0.0,4.957,75.546,,,0.648
612,2.444,0.673,0.0,0.0,0.0,4.971,71.51,,,0.673
613,2.444,0.673,0.0,0.0,0.0,4.971,71.51,,,0.673
614,2.444,0.673,0.0,0.0,0.0,4.971,71.51,,,0.673
615,2.444,0.673,0.0,0.0,0.0,4.971,71.51,,,0.673
616,2.444,0.673,0.0,0.0,0.0,4.971,71.51,,,0.673
617,2.444,0.673,0.0,0.0,0.0,4.971,71.51,,,0.673
618,2.444,0.673,0.0,0.0,0.0,4.971,71.51,,,0.673
619,2.444,0.673,0.0,0.0,0.0,4.971,71.51,,,0.673
620,2.444,0.673,0.0,0.0,0.0,4.971,71.51,,,0.673
621,2.444,0.673,0.0,0.0,0.0,4.971,71.51,,,0.673
622,2.444,0.673,0.0,0.0,0.0,4.971,71.51,,,0.673
623,2.444,0.673,0.0,0.0,0.0,4.971,71.51,,,0.673
624,2.444,0.673,0.0,0.0,0.0,4.971,71.51,,,0.673
625,2.444,0.673,0.0,0.0,0.0,4.971,71.51,,,0.673
626,2.444,0.673,0.0,0.0,0.0,4.971,71.51,,,0.673
627,2.444,0.673,0.0,0.0,0.0,4.971,71.51,,,0.673
628,2.52,0.667,0.0,0.0,0.0,4.735,75.806,,,0.667
629,2.52,0.667,0.0,0.0,0.0,4.735,75.806,,,0.667
630,2.52,0.667,0.0,0.0,0.0,4.735,75.806,,,0.667
631,2.52,0.667,0.0,0.0,0.0,4.735,75.806,,,0.667
632,2.52,0.667,0.0,0.0,0.0,4.735,75.806,,,0.667
633,2.52,0.667,0.0,0.0,0.0,4.735,75.806,,,0.667
634,2.52,0.667,0.0,0.0,0.0,4.735,75.806,,,0.667
635,2.52,0.667,0.0,0.0,0.0,4.735,75.806,,,0.667
636,2.365,0.687,0.0,0.0,0.0,4.85,75.873,,,0.687
637,2.365,0.687,0.0,0.0,0.0,4.85,75.873,,,0.687
638,2.365,0.687,0.0,0.0,0.0,4.85,75.873,,,0.687
639,2.365,0.687,0.0,0.0,0.0,4.85,75.873,,,0.687
640,2.365,0.687,0.0,0.0,0.0,4.85,75.873,,,0.687
641,2.365,0.687,0.0,0.0,0.0,4.85,75.873,,,0.687
642,2.365,0.687,0.0,0.0,0.0,4.85,75.873,,,0.687
643,2.365,0.687,0.0,0.0,0.0,4.85,75.873,,,0.687
644,2.365,0.687,0.0,0.0,0.0,4.85,75.873,,,0.687
645,2.365,0.687,0.0,0.0,0.0,4.85,75.873,,,0.687
646,2.365,0.687,0.0,0.0,0.0,4.85,75.873,,,0.687
647,2.365,0.687,0.0,0.0,0.0,4.85,75.873,,,0.687
648,2.365,0.687,0.0,0.0,0.0,4.85,75.873,,,0.687
649,2.365,0.687,0.0,0.0,0.0,4.85,75.873,,,0.687
650,2.365,0.687,0.0,0.0,0.0,4.85,75.873,,,0.687
651,2.365,0.687,0.0,0.0,0.0,4.85,75.873,,,0.687
652,2.529,0.653,0.0,0.0,0.0,4.737,76.432,,,0.653
653,2.529,0.653,0.0,0.0,0.0,4.737,76.432,,,0.653
654,2.529,0.653,0.0,0.0,0.0,4.737,76.432,,,0.653
655,2.529,0.653,0.0,0.0,0.0,4.737,76.432,,,0.653
656,2.529,0.653,0.0,0.0,0.0,4.737,76.432,,,0.653
657,2.529,0.653,0.0,0.0,0.0,4.737,76.432,,,0.653
658,2.529,0.653,0.0,0.0,0.0,4.737,76.432,,,0.653
659,2.529,0.653,0.0,0.0,0.0,4.737,76.432,,,0.653
660,2.369,0.696,0.0,0.0,0.0,4.676,76.578,,,0.696
661,2.369,0.696,0.0,0.0,0.0,4.676,76.578,,,0.696
662,2.369,0.696,0.0,0.0,0.0,4.676,76.578,,,0.696
663,2.369,0.696,0.0,0.0,0.0,4.676,76.578,,,0.696
664,2.369,0.696,0.0,0.0,0.0,4.676,76.578,,,0.696
665,2.369,0.696,0.0,0.0,0.0,4.676,76.578,,,0.696
666,2.369,0.696,0.0,0.0,0.0,4.676,76.578,,,0.696
667,2.369,0.696,0.0,0.0,0.0,4.676,76.578,,,0.696
668,2.369,0.696,0.0,0.0,0.0,4.676,76.578,,,0.696
669,2.369,0.696,0.0,0.0,0.0,4.676,76.578,,,0.696
670,2.369,0.696,0.0,0.0,0.0,4.676,76.578,,,0.696
671,2.369,0.696,0.0,0.0,0.0,4.676,76.578,,,0.696
672,2.369,0.696,0.0,0.0,0.0,4.676,76.578,,,0.696
673,2.369,0.696,0.0,0.0,0.0,4.676,76.578,,,0.696
674,2.369,0.696,0.0,0.0,0.0,4.676,76.578,,,0.696
675,2.369,0.696,0.0,0.0,0.0,4.676,76.578,,,0.696
676,2.407,0.698,0.0,0.0,0.0,4.621,79.954,,,0.698
677,2.407,0.698,0.0,0.0,0.0,4.621,79.954,,,0.698
678,2.407,0.698,0.0,0.0,0.0,4.621,79.954,,,0.698
679,2.407,0.698,0.0,0.0,0.0,4.621,79.954,,,0.698
680,2.407,0.698,0.0,0.0,0.0,4.621,79.954,,,0.698
681,2.407,0.698,0.0,0.0,0.0,4.621,79.954,,,0.698
682,2.407,0.698,0.0,0.0,0.0,4.621,79.954,,,0.698
683,2.407,0.698,0.0,0.0,0.0,4.621,79.954,,,0.698
684,2.388,0.699,0.0,0.0,0.0,4.618,76.129,,,0.699
685,2.388,0.699,0.0,0.0,0.0,4.618,76.129,,,0.699
686,2.388,0.699,0.0,0.0,0.0,4.618,76.129,,,0.699
687,2.388,0.699,0.0,0.0,0.0,4.618,76.129,,,0.699
688,2.388,0.699,0.0,0.0,0.0,4.618,76.129,,,0.699
689,2.388,0.699,0.0,0.0,0.0,4.618,76.129,,,0.699
690,2.388,0.699,0.0,0.0,0.0,4.618,76.129,,,0.699
691,2.388,0.699,0.0,0.0,0.0,4.618,76.129,,,0.699
692,2.388,0.699,0.0,0.0,0.0,4.618,76.129,,,0.699
693,2.388,0.699,0.0,0.0,0.0,4.618,76.129,,,0.699
694,2.388,0.699,0.0,0.0,0.0,4.618,76.129,,,0.699
695,2.388,0.699,0.0,0.0,0.0,4.618,76.129,,,0.699
696,2.388,0.699,0.0,0.0,0.0,4.618,76.129,,,0.699
697,2.388,0.699,0.0,0.0,0.0,4.618,76.129,,,0.699
698,2.388,0.699,0.0,0.0,0.0,4.618,76.129,,,0.699
699,2.388,0.699,0.0,0.0,0.0,4.618,76.129,,,0.699
700,2.467,0.7,0.0,0.0,0.0,4.697,81.074,,,0.7
701,2.467,0.7,0.0,0.0,0.0,4.697,81.074,,,0.7
702,2.467,0.7,0.0,0.0,0.0,4.697,81.074,,,0.7
703,2.467,0.7,0.0,0.0,0.0,4.697,81.074,,,0.7
704,2.467,0.7,0.0,0.0,0.0,4.697,81.074,,,0.7
705,2.467,0.7,0.0,0.0,0.0,4.697,81.074,,,0.7
706,2.467,0.7,0.0,0.0,0.0,4.697,81.074,,,0.7
707,2.467,0.7,0.0,0.0,0.0,4.697,81.074,,,0.7
708,2.454,0.733,0.0,0.0,0.0,4.772,76.917,,,0.733
709,2.454,0.733,0.0,0.0,0.0,4.772,76.917,,,0.733
710,2.454,0.733,0.0,0.0,0.0,4.772,76.917,,,0.733
711,2.454,0.733,0.0,0.0,0.0,4.772,76.917,,,0.733
712,2.454,0.733,0.0,0.0,0.0,4.772,76.917,,,0.733
713,2.454,0.733,0.0,0.0,0.0,4.772,76.917,,,0.733
714,2.454,0.733,0.0,0.0,0.0,4.772,76.917,,,0.733
715,2.454,0.733,0.0,0.0,0.0,4.772,76.917,,,0.733
716,2.454,0.733,0.0,0.0,0.0,4.772,76.917,,,0.733
717,2.454,0.733,0.0,0.0,0.0,4.772,76.917,,,0.733
718,2.454,0.733,0.0,0.0,0.0,4.772,76.917,,,0.733
719,2.454,0.733,0.0,0.0,0.0,4.772,76.917,,,0.733
720,2.454,0.733,0.0,0.0,0.0,4.772,76.917,,,0.733
721,2.454,0.733,0.0,0.0,0.0,4.772,76.917,,,0.733
722,2.454,0.733,0.0,0.0,0.0,4.772,76.917,,,0.733
723,2.454,0.733,0.0,0.0,0.0,4.772,76.917,,,0.733
724,2.5,0.744,0.0,0.0,0.0,5.087,81.4,,,0.744
725,2.5,0.744,0.0,0.0,0.0,5.087,81.4,,,0.744
726,2.5,0.744,0.0,0.0,0.0,5.087,81.4,,,0.744
727,2.5,0.744,0.0,0.0,0.0,5.087,81.4,,,0.744
728,2.5,0.744,0.0,0.0,0.0,5.087,81.4,,,0.744
729,2.5,0.744,0.0,0.0,0.0,5.087,81.4,,,0.744
730,2.5,0.744,0.0,0.0,0.0,5.087,81.4,,,0.744
731,2.5,0.744,0.0,0.0,0.0,5.087,81.4,,,0.744
732,2.36,0.747,0.0,0.0,0.0,4.965,76.244,,,0.747
733,2.36,0.747,0.0,0.0,0.0,4.965,76.244,,,0.747
734,2.36,0.747,0.0,0.0,0.0,4.965,76.244,,,0.747
735,2.36,0.747,0.0,0.0,0.0,4.965,76.244,,,0.747
736,2.36,0.747,0.0,0.0,0.0,4.965,76.244,,,0.747
737,2.36,0.747,0.0,0.0,0.0,4.965,76.244,,,0.747
738,2.36,0.747,0.0,0.0,0.0,4.965,76.244,,,0.747
739,2.36,0.747,0.0,0.0,0.0,4.965,76.244,,,0.747
740,2.36,0.747,0.0,0.0,0.0,4.965,76.244,,,0.747
741,2.36,0.747,0.0,0.0,0.0,4.965,76.244,,,0.747
742,2.36,0.747,0.0,0.0,0.0,4.965,76.244,,,0.747
743,2.36,0.747,0.0,0.0,0.0,4.965,76.244,,,0.747
744,2.36,0.747,0.0,0.0,0.0,4.965,76.244,,,0.747
745,2.36,0.747,0.0,0.0,0.0,4.965,76.244,,,0.747
746,2.36,0.747,0.0,0.0,0.0,4.965,76.244,,,0.747
747,2.36,0.747,0.0,0.0,0.0,4.965,76.244,,,0.747
748,2.419,0.749,0.0,0.0,0.0,4.78,76.137,,,0.749
749,2.419,0.749,0.0,0.0,0.0,4.78,76.137,,,0.749
750,2.419,0.749,0.0,0.0,0.0,4.78,76.137,,,0.749
751,2.419,0.749,0.0,0.0,0.0,4.78,76.137,,,0.749
752,2.419,0.749,0.0,0.0,0.0,4.78,76.137,,,0.749
753,2.419,0.749,0.0,0.0,0.0,4.78,76.137,,,0.749
754,2.419,0.749,0.0,0.0,0.0,4.78,76.137,,,0.749
755,2.419,0.749,0.0,0.0,0.0,4.78,76.137,,,0.749
756,2.519,0.776,0.0,0.0,0.0,5.11,74.58,,,0.776
757,2.519,0.776,0.0,0.0,0.0,5.11,74.58,,,0.776
758,2.519,0.776,0.0,0.0,0.0,5.11,74.58,,,0.776
759,2.519,0.776,0.0,0.0,0.0,5.11,74.58,,,0.776
760,2.519,0.776,0.0,0.0,0.0,5.11,74.58,,,0.776
761,2.519,0.776,0.0,0.0,0.0,5.11,74.58,,,0.776
762,2.519,0.776,0.0,0.0,0.0,5.11,74.58,,,0.776
763,2.519,0.776,0.0,0.0,0.0,5.11,74.58,,,0.776
764,2.519,0.776,0.0,0.0,0.0,5.11,74.58,,,0.776
765,2.519,0.776,0.0,0.0,0.0,5.11,74.58,,,0.776
766,2.519,0.776,0.0,0.0,0.0,5.11,74.58,,,0.776
767,2.519,0.776,0.0,0.0,0.0,5.11,74.58,,,0.776
768,2.519,0.776,0.0,0.0,0.0,5.11,74.58,,,0.776
769,2.519,0.776,0.0,0.0,0.0,5.11,74.58,,,0.776
770,2.519,0.776,0.0,0.0,0.0,5.11,74.58,,,0.776
771,2.519,0.776,0.0,0.0,0.0,5.11,74.58,,,0.776
772,2.526,0.741,0.0,0.0,0.0,4.841,80.236,,,0.741
773,2.526,0.741,0.0,0.0,0.0,4.841,80.236,,,0.741
774,2.526,0.741,0.0,0.0,0.0,4.841,80.236,,,0.741
775,2.526,0.741,0.0,0.0,0.0,4.841,80.236,,,0.741
776,2.526,0.741,0.0,0.0,0.0,4.841,80.236,,,0.741
777,2.526,0.741,0.0,0.0,0.0,4.841,80.236,,,0.741
778,2.526,0.741,0.0,0.0,0.0,4.841,80.236,,,0.741
779,2.526,0.741,0.0,0.0,0.0,4.841,80.236,,,0.741
780,2.528,0.789,0.0,0.0,0.0,5.061,79.939,,,0.789
781,2.528,0.789,0.0,0.0,0.0,5.061,79.939,,,0.789
782,2.528,0.789,0.0,0.0,0.0,5.061,79.939,,,0.789
783,2.528,0.789,0.0,0.0,0.0,5.061,79.939,,,0.789
784,2.528,0.789,0.0,0.0,0.0,5.061,79.939,,,0.789
785,2.528,0.789,0.0,0.0,0.0,5.061,79.939,,,0.789
786,2.528,0.789,0.0,0.0,0.0,5.061,79.939,,,0.789
787,2.528,0.789,0.0,0.0,0.0,5.061,79.939,,,0.789
788,2.528,0.789,0.0,0.0,0.0,5.061,79.939,,,0.789
789,2.528,0.789,0.0,0.0,0.0,5.061,79.939,,,0.789
790,2.528,0.789,0.0,0.0,0.0,5.061,79.939,,,0.789
791,2.528,0.789,0.0,0.0,0.0,5.061,79.939,,,0.789
792,2.528,0.789,0.0,0.0,0.0,5.061,79.939,,,0.789
793,2.528,0.789,0.0,0.0,0.0,5.061,79.939,,,0.789
794,2.528,0.789,0.0,0.0,0.0,5.061,79.939,,,0.789
795,2.528,0.789,0.0,0.0,0.0,5.061,79.939,,,0.789
796,2.38,0.792,0.0,0.0,0.0,4.842,79.977,,,0.792
797,2.38,0.792,0.0,0.0,0.0,4.842,79.977,,,0.792
798,2.38,0.792,0.0,0.0,0.0,4.842,79.977,,,0.792
799,2.38,0.792,0.0,0.0,0.0,4.842,79.977,,,0.792
800,2.38,0.792,0.0,0.0,0.0,4.842,79.977,,,0.792
801,2.38,0.792,0.0,0.0,0.0,4.842,79.977,,,0.792
802,2.38,0.792,0.0,0.0,0.0,4.842,79.977,,,0.792
803,2.38,0.792,0.0,0.0,0.0,4.842,79.977,,,0.792
804,2.399,0.794,0.0,0.0,0.0,4.862,80.017,,,0.794
805,2.399,0.794,0.0,0.0,0.0,4.862,80.017,,,0.794
806,2.399,0.794,0.0,0.0,0.0,4.862,80.017,,,0.794
807,2.399,0.794,0.0,0.0,0.0,4.862,80.017,,,0.794
808,2.399,0.794,0.0,0.0,0.0,4.862,80.017,,,0.794
809,2.399,0.794,0.0,0.0,0.0,4.862,80.017,,,0.794
810,2.399,0.794,0.0,0.0,0.0,4.862,80.017,,,0.794
811,2.399,0.794,0.0,0.0,0.0,4.862,80.017,,,0.794
812,2.399,0.794,0.0,0.0,0.0,4.862,80.017,,,0.794
813,2.399,0.794,0.0,0.0,0.0,4.862,80.017,,,0.794
814,2.399,0.794,0.0,0.0,0.0,4.862,80.017,,,0.794
815,2.399,0.794,0.0,0.0,0.0,4.862,80.017,,,0.794
816,2.399,0.794,0.0,0.0,0.0,4.862,80.017,,,0.794
817,2.399,0.794,0.0,0.0,0.0,4.862,80.017,,,0.794
818,2.399,0.794,0.0,0.0,0.0,4.862,80.017,,,0.794
819,2.399,0.794,0.0,0.0,0.0,4.862,80.017,,,0.794
820,2.471,0.794,0.0,0.0,0.0,4.831,84.174,,,0.794
821,2.471,0.794,0.0,0.0,0.0,4.831,84.174,,,0.794
822,2.471,0.794,0.0,0.0,0.0,4.831,84.174,,,0.794
823,2.471,0.794,0.0,0.0,0.0,4.831,84.174,,,0.794
824,2.471,0.794,0.0,0.0,0.0,4.831,84.174,,,0.794
825,2.471,0.794,0.0,0.0,0.0,4.831,84.174,,,0.794
826,2.471,0.794,0.0,0.0,0.0,4.831,84.174,,,0.794
827,2.471,0.794,0.0,0.0,0.0,4.831,84.174,,,0.794
828,2.424,0.831,0.0,0.0,0.0,5.056,85.181,,,0.831
829,2.424,0.831,0.0,0.0,0.0,5.056,85.181,,,0.831
830,2.424,0.831,0.0,0.0,0.0,5.056,85.181,,,0.831
831,2.424,0.831,0.0,0.0,0.0,5.056,85.181,,,0.831
832,2.424,0.831,0.0,0.0,0.0,5.056,85.181,,,0.831
833,2.424,0.831,0.0,0.0,0.0,5.056,85.181,,,0.831
834,2.424,0.831,0.0,0.0,0.0,5.056,85.181,,,0.831
835,2.424,0.831,0.0,0.0,0.0,5.056,85.181,,,0.831
836,2.424,0.831,0.0,0.0,0.0,5.056,85.181,,,0.831
837,2.424,0.831,0.0,0.0,0.0,5.056,85.181,,,0.831
838,2.424,0.831,0.0,0.0,0.0,5.056,85.181,,,0.831
839,2.424,0.831,0.0,0.0,0.0,5.056,85.181,,,0.831
840,2.424,0.831,0.0,0.0,0.0,5.056,85.181,,,0.831
841,2.424,0.831,0.0,0.0,0.0,5.056,85.181,,,0.831
842,2.424,0.831,0.0,0.0,0.0,5.056,85.181,,,0.831
843,2.424,0.831,0.0,0.0,0.0,5.056,85.181,,,0.831
844,2.527,0.793,0.0,0.0,0.0,4.825,85.511,,,0.793
845,2.527,0.793,0.0,0.0,0.0,4.825,85.511,,,0.793
846,2.527,0.793,0.0,0.0,0.0,4.825,85.511,,,0.793
847,2.527,0.793,0.0,0.0,0.0,4.825,85.511,,,0.793
848,2.527,0.793,0.0,0.0,0.0,4.825,85.511,,,0.793
849,2.527,0.793,0.0,0.0,0.0,4.825,85.511,,,0.793
850,2.527,0.793,0.0,0.0,0.0,4.825,85.511,,,0.793
851,2.527,0.793,0.0,0.0,0.0,4.825,85.511,,,0.793
852,2.558,0.844,0.0,0.0,0.0,5.073,85.68,,,0.844
853,2.558,0.844,0.0,0.0,0.0,5.073,85.68,,,0.844
854,2.558,0.844,0.0,0.0,0.0,5.073,85.68,,,0.844
855,2.558,0.844,0.0,0.0,0.0,5.073,85.68,,,0.844
856,2.558,0.844,0.0,0.0,0.0,5.073,85.68,,,0.844
857,2.558,0.844,0.0,0.0,0.0,5.073,85.68,,,0.844
858,2.558,0.844,0.0,0.0,0.0,5.073,85.68,,,0.844
859,2.558,0.844,0.0,0.0,0.0,5.073,85.68,,,0.844
860,2.558,0.844,0.0,0.0,0.0,5.073,85.68,,,0.844
861,2.558,0.844,0.0,0.0,0.0,5.073,85.68,,,0.844
862,2.558,0.844,0.0,0.0,0.0,5.073,85.68,,,0.844
863,2.558,0.844,0.0,0.0,0.0,5.073,85.68,,,0.844
864,2.558,0.844,0.0,0.0,0.0,5.073,85.68,,,0.844
865,2.558,0.844,0.0,0.0,0.0,5.073,85.68,,,0.844
866,2.558,0.844,0.0,0.0,0.0,5.073,85.68,,,0.844
867,2.558,0.844,0.0,0.0,0.0,5.073,85.68,,,0.844
868,2.586,0.847,0.0,0.0,0.0,4.833,88.962,,,0.847
869,2.586,0.847,0.0,0.0,0.0,4.833,88.962,,,0.847
870,2.586,0.847,0.0,0.0,0.0,4.833,88.962,,,0.847
871,2.586,0.847,0.0,0.0,0.0,4.833,88.962,,,0.847
872,2.586,0.847,0.0,0.0,0.0,4.833,88.962,,,0.847
873,2.586,0.847,0.0,0.0,0.0,4.833,88.962,,,0.847
874,2.586,0.847,0.0,0.0,0.0,4.833,88.962,,,0.847
875,2.586,0.847,0.0,0.0,0.0,4.833,88.962,,,0.847
876,2.594,0.85,0.0,0.0,0.0,4.867,89.862,,,0.85
877,2.594,0.85,0.0,0.0,0.0,4.867,89.862,,,0.85
878,2.594,0.85,0.0,0.0,0.0,4.867,89.862,,,0.85
879,2.594,0.85,0.0,0.0,0.0,4.867,89.862,,,0.85
880,2.594,0.85,0.0,0.0,0.0,4.867,89.862,,,0.85
881,2.594,0.85,0.0,0.0,0.0,4.867,89.862,,,0.85
882,2.594,0.85,0.0,0.0,0.0,4.867,89.862,,,0.85
883,2.594,0.85,0.0,0.0,0.0,4.867,89.862,,,0.85
884,2.594,0.85,0.0,0.0,0.0,4.867,89.862,,,0.85
885,2.594,0.85,0.0,0.0,0.0,4.867,89.862,,,0.85
886,2.594,0.85,0.0,0.0,0.0,4.867,89.862,,,0.85
887,2.594,0.85,0.0,0.0,0.0,4.867,89.862,,,0.85
888,2.594,0.85,0.0,0.0,0.0,4.867,89.862,,,0.85
889,2.594,0.85,0.0,0.0,0.0,4.867,89.862,,,0.85
890,2.594,0.85,0.0,0.0,0.0,4.867,89.862,,,0.85
891,2.594,0.85,0.0,0.0,0.0,4.867,89.862,,,0.85
892,2.453,0.795,0.0,0.0,0.0,4.834,90.059,,,0.795
893,2.453,0.795,0.0,0.0,0.0,4.834,90.059,,,0.795
894,2.453,0.795,0.0,0.0,0.0,4.834,90.059,,,0.795
895,2.453,0.795,0.0,0.0,0.0,4.834,90.059,,,0.795
896,2.453,0.795,0.0,0.0,0.0,4.834,90.059,,,0.795
897,2.453,0.795,0.0,0.0,0.0,4.834,90.059,,,0.795
898,2.453,0.795,0.0,0.0,0.0,4.834,90.059,,,0.795
899,2.453,0.795,0.0,0.0,0.0,4.834,90.059,,,0.795
900,2.619,0.851,0.0,0.0,0.0,5.22,90.085,,,0.851
901,2.619,0.851,0.0,0.0,0.0,5.22,90.085,,,0.851
902,2.619,0.851,0.0,0.0,0.0,5.22,90.085,,,0.851
903,2.619,0.851,0.0,0.0,0.0,5.22,90.085,,,0.851
904,2.619,0.851,0.0,0.0,0.0,5.22,90.085,,,0.851
905,2.619,0.851,0.0,0.0,0.0,5.22,90.085,,,0.851
906,2.619,0.851,0.0,0.0,0.0,5.22,90.085,,,0.851
907,2.619,0.851,0.0,0.0,0.0,5.22,90.085,,,0.851
908,2.619,0.851,0.0,0.0,0.0,5.22,90.085,,,0.851
909,2.619,0.851,0.0,0.0,0.0,5.22,90.085,,,0.851
910,2.619,0.851,0.0,0.0,0.0,5.22,90.085,,,0.851
911,2.619,0.851,0.0,0.0,0.0,5.22,90.085,,,0.851
912,2.619,0.851,0.0,0.0,0.0,5.22,90.085,,,0.851
913,2.619,0.851,0.0,0.0,0.0,5.22,90.085,,,0.851
914,2.619,0.851,0.0,0.0,0.0,5.22,90.085,,,0.851
915,2.619,0.851,0.0,0.0,0.0,5.22,90.085,,,0.851
916,2.626,0.852,0.0,0.0,0.0,4.907,90.07,,,0.852
917,2.626,0.852,0.0,0.0,0.0,4.907,90.07,,,0.852
918,2.626,0.852,0.0,0.0,0.0,4.907,90.07,,,0.852
919,2.626,0.852,0.0,0.0,0.0,4.907,90.07,,,0.852
920,2.626,0.852,0.0,0.0,0.0,4.907,90.07,,,0.852
921,2.626,0.852,0.0,0.0,0.0,4.907,90.07,,,0.852
922,2.626,0.852,0.0,0.0,0.0,4.907,90.07,,,0.852
923,2.626,0.852,0.0,0.0,0.0,4.907,90.07,,,0.852
924,2.628,0.852,0.0,0.0,0.0,4.78,90.065,,,0.852
925,2.628,0.852,0.0,0.0,0.0,4.78,90.065,,,0.852
926,2.628,0.852,0.0,0.0,0.0,4.78,90.065,,,0.852
927,2.628,0.852,0.0,0.0,0.0,4.78,90.065,,,0.852
928,2.628,0.852,0.0,0.0,0.0,4.78,90.065,,,0.852
929,2.628,0.852,0.0,0.0,0.0,4.78,90.065,,,0.852
930,2.628,0.852,0.0,0.0,0.0,4.78,90.065,,,0.852
931,2.628,0.852,0.0,0.0,0.0,4.78,90.065,,,0.852
932,2.628,0.852,0.0,0.0,0.0,4.78,90.065,,,0.852
933,2.628,0.852,0.0,0.0,0.0,4.78,90.065,,,0.852
934,2.628,0.852,0.0,0.0,0.0,4.78,90.065,,,0.852
935,2.628,0.852,0.0,0.0,0.0,4.78,90.065,,,0.852
936,2.628,0.852,0.0,0.0,0.0,4.78,90.065,,,0.852
937,2.628,0.852,0.0,0.0,0.0,4.78,90.065,,,0.852
938,2.628,0.852,0.0,0.0,0.0,4.78,90.065,,,0.852
939,2.628,0.852,0.0,0.0,0.0,4.78,90.065,,,0.852
940,2.629,0.806,0.0,0.0,0.0,4.914,90.064,,,0.806
941,2.629,0.806,0.0,0.0,0.0,4.914,90.064,,,0.806
942,2.629,0.806,0.0,0.0,0.0,4.914,90.064,,,0.806
943,2.629,0.806,0.0,0.0,0.0,4.914,90.064,,,0.806
944,2.629,0.806,0.0,0.0,0.0,4.914,90.064,,,0.806
945,2.629,0.806,0.0,0.0,0.0,4.914,90.064,,,0.806
946,2.629,0.806,0.0,0.0,0.0,4.914,90.064,,,0.806
947,2.629,0.806,0.0,0.0,0.0,4.914,90.064,,,0.806
948,2.5,0.81,0.0,0.0,0.0,4.913,90.064,,,0.81
949,2.5,0.81,0.0,0.0,0.0,4.913,90.064,,,0.81
950,2.5,0.81,0.0,0.0,0.0,4.913,90.064,,,0.81
951,2.5,0.81,0.0,0.0,0.0,4.913,90.064,,,0.81
952,2.5,0.81,0.0,0.0,0.0,4.913,90.064,,,0.81
953,2.5,0.81,0.0,0.0,0.0,4.913,90.064,,,0.81
954,2.5,0.81,0.0,0.0,0.0,4.913,90.064,,,0.81
955,2.5,0.81,0.0,0.0,0.0,4.913,90.064,,,0.81
956,2.5,0.81,0.0,0.0,0.0,4.913,90.064,,,0.81
957,2.5,0.81,0.0,0.0,0.0,4.913,90.064,,,0.81
958,2.5,0.81,0.0,0.0,0.0,4.913,90.064,,,0.81
959,2.5,0.81,0.0,0.0,0.0,4.913,90.064,,,0.81
960,2.5,0.81,0.0,0.0,0.0,4.913,90.064,,,0.81
961,2.5,0.81,0.0,0.0,0.0,4.913,90.064,,,0.81
962,2.5,0.81,0.0,0.0,0.0,4.913,90.064,,,0.81
963,2.5,0.81,0.0,0.0,0.0,4.913,90.064,,,0.81
964,2.666,0.86,0.0,0.0,0.0,4.995,90.06,,,0.86
965,2.666,0.86,0.0,0.0,0.0,4.995,90.06,,,0.86
966,2.666,0.86,0.0,0.0,0.0,4.995,90.06,,,0.86
967,2.666,0.86,0.0,0.0,0.0,4.995,90.06,,,0.86
968,2.666,0.86,0.0,0.0,0.0,4.995,90.06,,,0.86
969,2.666,0.86,0.0,0.0,0.0,4.995,90.06,,,0.86
970,2.666,0.86,0.0,0.0,0.0,4.995,90.06,,,0.86
971,2.666,0.86,0.0,0.0,0.0,4.995,90.06,,,0.86
972,2.675,0.816,0.0,0.0,0.0,5.023,90.059,,,0.816
973,2.675,0.816,0.0,0.0,0.0,5.023,90.059,,,0.816
974,2.675,0.816,0.0,0.0,0.0,5.023,90.059,,,0.816
975,2.675,0.816,0.0,0.0,0.0,5.023,90.059,,,0.816
976,2.675,0.816,0.0,0.0,0.0,5.023,90.059,,,0.816
977,2.675,0.816,0.0,0.0,0.0,5.023,90.059,,,0.816
978,2.675,0.816,0.0,0.0,0.0,5.023,90.059,,,0.816
979,2.675,0.816,0.0,0.0,0.0,5.023,90.059,,,0.816
980,2.675,0.816,0.0,0.0,0.0,5.023,90.059,,,0.816
981,2.675,0.816,0.0,0.0,0.0,5.023,90.059,,,0.816
982,2.675,0.816,0.0,0.0,0.0,5.023,90.059,,,0.816
983,2.675,0.816,0.0,0.0,0.0,5.023,90.059,,,0.816
984,2.675,0.816,0.0,0.0,0.0,5.023,90.059,,,0.816
985,2.675,0.816,0.0,0.0,0.0,5.023,90.059,,,0.816
986,2.675,0.816,0.0,0.0,0.0,5.023,90.059,,,0.816
987,2.675,0.816,0.0,0.0,0.0,5.023,90.059,,,0.816
988,2.678,0.807,0.0,0.0,0.0,5.124,90.059,,,0.807
989,2.678,0.807,0.0,0.0,0.0,5.124,90.059,,,0.807
990,2.678,0.807,0.0,0.0,0.0,5.124,90.059,,,0.807
991,2.678,0.807,0.0,0.0,0.0,5.124,90.059,,,0.807
992,2.678,0.807,0.0,0.0,0.0,5.124,90.059,,,0.807
993,2.678,0.807,0.0,0.0,0.0,5.124,90.059,,,0.807
994,2.678,0.807,0.0,0.0,0.0,5.124,90.059,,,0.807
995,2.678,0.807,0.0,0.0,0.0,5.124,90.059,,,0.807
996,2.679,0.862,0.0,0.0,0.0,4.894,90.059,,,0.862
997,2.679,0.862,0.0,0.0,0.0,4.894,90.059,,,0.862
998,2.679,0.862,0.0,0.0,0.0,4.894,90.059,,,0.862
999,2.679,0.862,0.0,0.0,0.0,4.894,90.059,,,0.862
1000,2.679,0.862,0.0,0.0,0.0,4.894,90.059,,,0.862
1001,2.679,0.862,0.0,0.0,0.0,4.894,90.059,,,0.862
1002,2.679,0.862,0.0,0.0,0.0,4.894,90.059,,,0.862
1003,2.679,0.862,0.0,0.0,0.0,4.894,90.059,,,0.862
1004,2.679,0.862,0.0,0.0,0.0,4.894,90.059,,,0.862
1005,2.679,0.862,0.0,0.0,0.0,4.894,90.059,,,0.862
1006,2.679,0.862,0.0,0.0,0.0,4.894,90.059,,,0.862
1007,2.679,0.862,0.0,0.0,0.0,4.894,90.059,,,0.862
1008,2.679,0.862,0.0,0.0,0.0,4.894,90.059,,,0.862
1009,2.679,0.862,0.0,0.0,0.0,4.894,90.059,,,0.862
1010,2.679,0.862,0.0,0.0,0.0,4.894,90.059,,,0.862
1011,2.679,0.862,0.0,0.0,0.0,4.894,90.059,,,0.862
1012,2.591,0.854,0.0,0.0,0.0,4.888,90.058,,,0.854
1013,2.591,0.854,0.0,0.0,0.0,4.888,90.058,,,0.854
1014,2.591,0.854,0.0,0.0,0.0,4.888,90.058,,,0.854
1015,2.591,0.854,0.0,0.0,0.0,4.888,90.058,,,0.854
1016,2.591,0.854,0.0,0.0,0.0,4.888,90.058,,,0.854
1017,2.591,0.854,0.0,0.0,0.0,4.888,90.058,,,0.854
1018,2.591,0.854,0.0,0.0,0.0,4.888,90.058,,,0.854
1019,2.591,0.854,0.0,0.0,0.0,4.888,90.058,,,0.854
1020,2.75,0.817,0.0,0.0,0.0,4.887,90.057,,,0.817
1021,2.75,0.817,0.0,0.0,0.0,4.887,90.057,,,0.817
1022,2.75,0.817,0.0,0.0,0.0,4.887,90.057,,,0.817
1023,2.75,0.817,0.0,0.0,0.0,4.887,90.057,,,0.817
1024,2.75,0.817,0.0,0.0,0.0,4.887,90.057,,,0.817
1025,2.75,0.817,0.0,0.0,0.0,4.887,90.057,,,0.817
1026,2.75,0.817,0.0,0.0,0.0,4.887,90.057,,,0.817
1027,2.75,0.817,0.0,0.0,0.0,4.887,90.057,,,0.817
1028,2.75,0.817,0.0,0.0,0.0,4.887,90.057,,,0.817
1029,2.75,0.817,0.0,0.0,0.0,4.887,90.057,,,0.817
1030,2.75,0.817,0.0,0.0,0.0,4.887,90.057,,,0.817
1031,2.75,0.817,0.0,0.0,0.0,4.887,90.057,,,0.817
1032,2.75,0.817,0.0,0.0,0.0,4.887,90.057,,,0.817
1033,2.75,0.817,0.0,0.0,0.0,4.887,90.057,,,0.817
1034,2.75,0.817,0.0,0.0,0.0,4.887,90.057,,,0.817
1035,2.75,0.817,0.0,0.0,0.0,4.887,90.057,,,0.817
1036,2.768,0.808,0.0,0.0,0.0,5.139,90.057,,,0.808
1037,2.768,0.808,0.0,0.0,0.0,5.139,90.057,,,0.808
1038,2.768,0.808,0.0,0.0,0.0,5.139,90.057,,,0.808
1039,2.768,0.808,0.0,0.0,0.0,5.139,90.057,,,0.808
1040,2.768,0.808,0.0,0.0,0.0,5.139,90.057,,,0.808
1041,2.768,0.808,0.0,0.0,0.0,5.139,90.057,,,0.808
1042,2.768,0.808,0.0,0.0,0.0,5.139,90.057,,,0.808
1043,2.768,0.808,0.0,0.0,0.0,5.139,90.057,,,0.808
1044,2.774,0.864,0.0,0.0,0.0,4.879,90.057,,,0.864
1045,2.774,0.864,0.0,0.0,0.0,4.879,90.057,,,0.864
1046,2.774,0.864,0.0,0.0,0.0,4.879,90.057,,,0.864
1047,2.774,0.864,0.0,0.0,0.0,4.879,90.057,,,0.864
1048,2.774,0.864,0.0,0.0,0.0,4.879,90.057,,,0.864
1049,2.774,0.864,0.0,0.0,0.0,4.879,90.057,,,0.864
1050,2.774,0.864,0.0,0.0,0.0,4.879,90.057,,,0.864
1051,2.774,0.864,0.0,0.0,0.0,4.879,90.057,,,0.864
1052,2.774,0.864,0.0,0.0,0.0,4.879,90.057,,,0.864
1053,2.774,0.864,0.0,0.0,0.0,4.879,90.057,,,0.864
1054,2.774,0.864,0.0,0.0,0.0,4.879,90.057,,,0.864
1055,2.774,0.864,0.0,0.0,0.0,4.879,90.057,,,0.864
1056,2.774,0.864,0.0,0.0,0.0,4.879,90.057,,,0.864
1057,2.774,0.864,0.0,0.0,0.0,4.879,90.057,,,0.864
1058,2.774,0.864,0.0,0.0,0.0,4.879,90.057,,,0.864
1059,2.774,0.864,0.0,0.0,0.0,4.879,90.057,,,0.864
1060,2.596,0.856,0.0,0.0,0.0,4.894,90.057,,,0.856
1061,2.596,0.856,0.0,0.0,0.0,4.894,90.057,,,0.856
1062,2.596,0.856,0.0,0.0,0.0,4.894,90.057,,,0.856
1063,2.596,0.856,0.0,0.0,0.0,4.894,90.057,,,0.856
1064,2.596,0.856,0.0,0.0,0.0,4.894,90.057,,,0.856
1065,2.596,0.856,0.0,0.0,0.0,4.894,90.057,,,0.856
1066,2.596,0.856,0.0,0.0,0.0,4.894,90.057,,,0.856
1067,2.596,0.856,0.0,0.0,0.0,4.894,90.057,,,0.856
1068,2.78,0.819,0.0,0.0,0.0,4.894,90.057,,,0.819
1069,2.78,0.819,0.0,0.0,0.0,4.894,90.057,,,0.819
1070,2.78,0.819,0.0,0.0,0.0,4.894,90.057,,,0.819
1071,2.78,0.819,0.0,0.0,0.0,4.894,90.057,,,0.819
1072,2.78,0.819,0.0,0.0,0.0,4.894,90.057,,,0.819
1073,2.78,0.819,0.0,0.0,0.0,4.894,90.057,,,0.819
1074,2.78,0.819,0.0,0.0,0.0,4.894,90.057,,,0.819
1075,2.78,0.819,0.0,0.0,0.0,4.894,90.057,,,0.819
1076,2.78,0.819,0.0,0.0,0.0,4.894,90.057,,,0.819
1077,2.78,0.819,0.0,0.0,0.0,4.894,90.057,,,0.819
1078,2.78,0.819,0.0,0.0,0.0,4.894,90.057,,,0.819
1079,2.78,0.819,0.0,0.0,0.0,4.894,90.057,,,0.819
1080,2.78,0.819,0.0,0.0,0.0,4.894,90.057,,,0.819
1081,2.78,0.819,0.0,0.0,0.0,4.894,90.057,,,0.819
1082,2.78,0.819,0.0,0.0,0.0,4.894,90.057,,,0.819
1083,2.78,0.819,0.0,0.0,0.0,4.894,90.057,,,0.819
1084,2.732,0.81,0.0,0.0,0.0,4.894,90.057,,,0.81
1085,2.732,0.81,0.0,0.0,0.0,4.894,90.057,,,0.81
1086,2.732,0.81,0.0,0.0,0.0,4.894,90.057,,,0.81
1087,2.732,0.81,0.0,0.0,0.0,4.894,90.057,,,0.81
1088,2.732,0.81,0.0,0.0,0.0,4.894,90.057,,,0.81
1089,2.732,0.81,0.0,0.0,0.0,4.894,90.057,,,0.81
1090,2.732,0.81,0.0,0.0,0.0,4.894,90.057,,,0.81
1091,2.732,0.81,0.0,0.0,0.0,4.894,90.057,,,0.81
1092,2.781,0.819,0.0,0.0,0.0,5.292,90.057,,,0.819
1093,2.781,0.819,0.0,0.0,0.0,5.292,90.057,,,0.819
1094,2.781,0.819,0.0,0.0,0.0,5.292,90.057,,,0.819
1095,2.781,0.819,0.0,0.0,0.0,5.292,90.057,,,0.819
1096,2.781,0.819,0.0,0.0,0.0,5.292,90.057,,,0.819
1097,2.781,0.819,0.0,0.0,0.0,5.292,90.057,,,0.819
1098,2.781,0.819,0.0,0.0,0.0,5.292,90.057,,,0.819
1099,2.781,0.819,0.0,0.0,0.0,5.292,90.057,,,0.819
1100,2.781,0.819,0.0,0.0,0.0,5.292,90.057,,,0.819
1101,2.781,0.819,0.0,0.0,0.0,5.292,90.057,,,0.819
1102,2.781,0.819,0.0,0.0,0.0,5.292,90.057,,,0.819
1103,2.781,0.819,0.0,0.0,0.0,5.292,90.057,,,0.819
1104,2.781,0.819,0.0,0.0,0.0,5.292,90.057,,,0.819
1105,2.781,0.819,0.0,0.0,0.0,5.292,90.057,,,0.819
1106,2.781,0.819,0.0,0.0,0.0,5.292,90.057,,,0.819
1107,2.781,0.819,0.0,0.0,0.0,5.292,90.057,,,0.819
1108,2.632,0.804,0.0,0.0,0.0,4.998,90.057,,,0.804
1109,2.632,0.804,0.0,0.0,0.0,4.998,90.057,,,0.804
1110,2.632,0.804,0.0,0.0,0.0,4.998,90.057,,,0.804
1111,2.632,0.804,0.0,0.0,0.0,4.998,90.057,,,0.804
1112,2.632,0.804,0.0,0.0,0.0,4.998,90.057,,,0.804
1113,2.632,0.804,0.0,0.0,0.0,4.998,90.057,,,0.804
1114,2.632,0.804,0.0,0.0,0.0,4.998,90.057,,,0.804
1115,2.632,0.804,0.0,0.0,0.0,4.998,90.057,,,0.804
1116,2.81,0.85,0.0,0.0,0.0,4.805,90.057,,,0.85
1117,2.81,0.85,0.0,0.0,0.0,4.805,90.057,,,0.85
1118,2.81,0.85,0.0,0.0,0.0,4.805,90.057,,,0.85
1119,2.81,0.85,0.0,0.0,0.0,4.805,90.057,,,0.85
1120,2.81,0.85,0.0,0.0,0.0,4.805,90.057,,,0.85
1121,2.81,0.85,0.0,0.0,0.0,4.805,90.057,,,0.85
1122,2.81,0.85,0.0,0.0,0.0,4.805,90.057,,,0.85
1123,2.81,0.85,0.0,0.0,0.0,4.805,90.057,,,0.85
1124,2.81,0.85,0.0,0.0,0.0,4.805,90.057,,,0.85
1125,2.81,0.85,0.0,0.0,0.0,4.805,90.057,,,0.85
1126,2.81,0.85,0.0,0.0,0.0,4.805,90.057,,,0.85
1127,2.81,0.85,0.0,0.0,0.0,4.805,90.057,,,0.85
1128,2.81,0.85,0.0,0.0,0.0,4.805,90.057,,,0.85
1129,2.81,0.85,0.0,0.0,0.0,4.805,90.057,,,0.85
1130,2.81,0.85,0.0,0.0,0.0,4.805,90.057,,,0.85
1131,2.81,0.85,0.0,0.0,0.0,4.805,90.057,,,0.85
1132,2.817,0.799,0.0,0.0,0.0,4.968,90.057,,,0.799
1133,2.817,0.799,0.0,0.0,0.0,4.968,90.057,,,0.799
1134,2.817,0.799,0.0,0.0,0.0,4.968,90.057,,,0.799
1135,2.817,0.799,0.0,0.0,0.0,4.968,90.057,,,0.799
1136,2.817,0.799,0.0,0.0,0.0,4.968,90.057,,,0.799
1137,2.817,0.799,0.0,0.0,0.0,4.968,90.057,,,0.799
1138,2.817,0.799,0.0,0.0,0.0,4.968,90.057,,,0.799
1139,2.82,0.807,0.0,0.0,0.0,5.14,90.057,,,0.807
1140,2.82,0.807,0.0,0.0,0.0,5.14,90.057,,,0.807
1141,2.82,0.807,0.0,0.0,0.0,5.14,90.057,,,0.807
1142,2.82,0.807,0.0,0.0,0.0,5.14,90.057,,,0.807
1143,2.82,0.807,0.0,0.0,0.0,5.14,90.057,,,0.807
1144,2.82,0.807,0.0,0.0,0.0,5.14,90.057,,,0.807
1145,2.821,0.853,0.0,0.0,0.0,4.869,90.057,,,0.853
1146,2.821,0.853,0.0,0.0,0.0,4.869,90.057,,,0.853
1147,2.821,0.853,0.0,0.0,0.0,4.869,90.057,,,0.853
1148,2.821,0.853,0.0,0.0,0.0,4.869,90.057,,,0.853
1149,2.821,0.853,0.0,0.0,0.0,4.869,90.057,,,0.853
1150,2.821,0.853,0.0,0.0,0.0,4.869,90.057,,,0.853
1151,2.821,0.853,0.0,0.0,0.0,4.869,90.057,,,0.853
1152,2.821,0.853,0.0,0.0,0.0,4.869,90.057,,,0.853
1153,2.959,0.809,0.0,0.0,0.0,4.87,90.057,,,0.809
1154,2.959,0.809,0.0,0.0,0.0,4.87,90.057,,,0.809
1155,2.959,0.809,0.0,0.0,0.0,4.87,90.057,,,0.809
1156,2.959,0.809,0.0,0.0,0.0,4.87,90.057,,,0.809
1157,2.959,0.809,0.0,0.0,0.0,4.87,90.057,,,0.809
1158,2.959,0.809,0.0,0.0,0.0,4.87,90.057,,,0.809
1159,2.959,0.809,0.0,0.0,0.0,4.87,90.057,,,0.809
1160,2.959,0.809,0.0,0.0,0.0,4.87,90.057,,,0.809
1161,2.959,0.809,0.0,0.0,0.0,4.87,90.057,,,0.809
1162,2.959,0.809,0.0,0.0,0.0,4.87,90.057,,,0.809
1163,2.959,0.809,0.0,0.0,0.0,4.87,90.057,,,0.809
1164,2.959,0.809,0.0,0.0,0.0,4.87,90.057,,,0.809
1165,2.959,0.809,0.0,0.0,0.0,4.87,90.057,,,0.809
1166,2.959,0.809,0.0,0.0,0.0,4.87,90.057,,,0.809
1167,2.959,0.809,0.0,0.0,0.0,4.87,90.057,,,0.809
1168,2.959,0.809,0.0,0.0,0.0,4.87,90.057,,,0.809
1169,3.0,0.854,0.0,0.0,0.0,4.891,90.057,,,0.854
1170,3.0,0.854,0.0,0.0,0.0,4.891,90.057,,,0.854
1171,3.0,0.854,0.0,0.0,0.0,4.891,90.057,,,0.854
1172,3.0,0.854,0.0,0.0,0.0,4.891,90.057,,,0.854
1173,3.0,0.854,0.0,0.0,0.0,4.891,90.057,,,0.854
1174,3.0,0.854,0.0,0.0,0.0,4.891,90.057,,,0.854
1175,3.0,0.854,0.0,0.0,0.0,4.891,90.057,,,0.854
1176,3.0,0.854,0.0,0.0,0.0,4.891,90.057,,,0.854
1177,3.014,0.802,0.0,0.0,0.0,4.892,90.057,,,0.802
1178,3.014,0.802,0.0,0.0,0.0,4.892,90.057,,,0.802
1179,3.014,0.802,0.0,0.0,0.0,4.892,90.057,,,0.802
1180,3.014,0.802,0.0,0.0,0.0,4.892,90.057,,,0.802
1181,3.014,0.802,0.0,0.0,0.0,4.892,90.057,,,0.802
1182,3.014,0.802,0.0,0.0,0.0,4.892,90.057,,,0.802
1183,3.014,0.802,0.0,0.0,0.0,4.892,90.057,,,0.802
1184,3.014,0.802,0.0,0.0,0.0,4.892,90.057,,,0.802
1185,3.014,0.802,0.0,0.0,0.0,4.892,90.057,,,0.802
1186,3.014,0.802,0.0,0.0,0.0,4.892,90.057,,,0.802
1187,3.014,0.802,0.0,0.0,0.0,4.892,90.057,,,0.802
1188,3.014,0.802,0.0,0.0,0.0,4.892,90.057,,,0.802
1189,3.014,0.802,0.0,0.0,0.0,4.892,90.057,,,0.802
1190,3.014,0.802,0.0,0.0,0.0,4.892,90.057,,,0.802
1191,3.014,0.802,0.0,0.0,0.0,4.892,90.057,,,0.802
1192,3.014,0.802,0.0,0.0,0.0,4.892,90.057,,,0.802
1193,3.02,0.858,0.0,0.0,0.0,5.049,85.152,,,0.858
1194,3.02,0.858,0.0,0.0,0.0,5.049,85.152,,,0.858
1195,3.02,0.858,0.0,0.0,0.0,5.049,85.152,,,0.858
1196,3.02,0.858,0.0,0.0,0.0,5.049,85.152,,,0.858
1197,3.02,0.858,0.0,0.0,0.0,5.049,85.152,,,0.858
1198,3.02,0.858,0.0,0.0,0.0,5.049,85.152,,,0.858
1199,3.02,0.858,0.0,0.0,0.0,5.049,85.152,,,0.858
1200,3.02,0.858,0.0,0.0,0.0,5.049,85.152,,,0.858
1201,3.13,0.849,0.0,0.0,0.0,4.833,90.081,,,0.849
1202,3.13,0.849,0.0,0.0,0.0,4.833,90.081,,,0.849
1203,3.13,0.849,0.0,0.0,0.0,4.833,90.081,,,0.849
1204,3.13,0.849,0.0,0.0,0.0,4.833,90.081,,,0.849
1205,3.13,0.849,0.0,0.0,0.0,4.833,90.081,,,0.849
1206,3.13,0.849,0.0,0.0,0.0,4.833,90.081,,,0.849
1207,3.13,0.849,0.0,0.0,0.0,4.833,90.081,,,0.849
1208,3.13,0.849,0.0,0.0,0.0,4.833,90.081,,,0.849
1209,3.13,0.849,0.0,0.0,0.0,4.833,90.081,,,0.849
1210,3.13,0.849,0.0,0.0,0.0,4.833,90.081,,,0.849
1211,3.13,0.849,0.0,0.0,0.0,4.833,90.081,,,0.849
1212,3.13,0.849,0.0,0.0,0.0,4.833,90.081,,,0.849
1213,3.13,0.849,0.0,0.0,0.0,4.833,90.081,,,0.849
1214,3.13,0.849,0.0,0.0,0.0,4.833,90.081,,,0.849
1215,3.13,0.849,0.0,0.0,0.0,4.833,90.081,,,0.849
1216,3.13,0.849,0.0,0.0,0.0,4.833,90.081,,,0.849
1217,3.13,0.849,0.0,0.0,0.0,4.833,90.081,,,0.849
1218,3.13,0.849,0.0,0.0,0.0,4.833,90.081,,,0.849
1219,3.13,0.849,0.0,0.0,0.0,4.833,90.081,,,0.849
1220,3.13,0.849,0.0,0.0,0.0,4.833,90.081,,,0.849
1221,3.13,0.849,0.0,0.0,0.0,4.833,90.081,,,0.849
1222,3.13,0.849,0.0,0.0,0.0,4.833,90.081,,,0.849
1223,3.13,0.849,0.0,0.0,0.0,4.833,90.081,,,0.849
1224,3.13,0.849,0.0,0.0,0.0,4.833,90.081,,,0.849
1225,3.19,0.859,0.0,0.0,0.0,4.82,90.087,,,0.859
1226,3.19,0.859,0.0,0.0,0.0,4.82,90.087,,,0.859
1227,3.19,0.859,0.0,0.0,0.0,4.82,90.087,,,0.859
1228,3.19,0.859,0.0,0.0,0.0,4.82,90.087,,,0.859
1229,3.19,0.859,0.0,0.0,0.0,4.82,90.087,,,0.859
1230,3.19,0.859,0.0,0.0,0.0,4.82,90.087,,,0.859
1231,3.19,0.859,0.0,0.0,0.0,4.82,90.087,,,0.859
1232,3.19,0.859,0.0,0.0,0.0,4.82,90.087,,,0.859
1233,3.19,0.859,0.0,0.0,0.0,4.82,90.087,,,0.859
1234,3.19,0.859,0.0,0.0,0.0,4.82,90.087,,,0.859
1235,3.19,0.859,0.0,0.0,0.0,4.82,90.087,,,0.859
1236,3.19,0.859,0.0,0.0,0.0,4.82,90.087,,,0.859
1237,3.19,0.859,0.0,0.0,0.0,4.82,90.087,,,0.859
1238,3.19,0.859,0.0,0.0,0.0,4.82,90.087,,,0.859
1239,3.19,0.859,0.0,0.0,0.0,4.82,90.087,,,0.859
1240,3.19,0.859,0.0,0.0,0.0,4.82,90.087,,,0.859
1241,3.217,0.859,0.0,0.0,0.0,4.754,90.088,,,0.859
1242,3.217,0.859,0.0,0.0,0.0,4.754,90.088,,,0.859
1243,3.217,0.859,0.0,0.0,0.0,4.754,90.088,,,0.859
1244,3.217,0.859,0.0,0.0,0.0,4.754,90.088,,,0.859
1245,3.217,0.859,0.0,0.0,0.0,4.754,90.088,,,0.859
1246,3.217,0.859,0.0,0.0,0.0,4.754,90.088,,,0.859
1247,3.217,0.859,0.0,0.0,0.0,4.754,90.088,,,0.859
1248,3.217,0.859,0.0,0.0,0.0,4.754,90.088,,,0.859
1249,3.231,0.896,0.0,0.0,0.0,5.021,90.088,,,0.896
1250,3.231,0.896,0.0,0.0,0.0,5.021,90.088,,,0.896
1251,3.231,0.896,0.0,0.0,0.0,5.021,90.088,,,0.896
1252,3.231,0.896,0.0,0.0,0.0,5.021,90.088,,,0.896
1253,3.231,0.896,0.0,0.0,0.0,5.021,90.088,,,0.896
1254,3.231,0.896,0.0,0.0,0.0,5.021,90.088,,,0.896
1255,3.231,0.896,0.0,0.0,0.0,5.021,90.088,,,0.896
1256,3.231,0.896,0.0,0.0,0.0,5.021,90.088,,,0.896
1257,3.231,0.896,0.0,0.0,0.0,5.021,90.088,,,0.896
1258,3.231,0.896,0.0,0.0,0.0,5.021,90.088,,,0.896
1259,3.231,0.896,0.0,0.0,0.0,5.021,90.088,,,0.896
1260,3.231,0.896,0.0,0.0,0.0,5.021,90.088,,,0.896
1261,3.231,0.896,0.0,0.0,0.0,5.021,90.088,,,0.896
1262,3.231,0.896,0.0,0.0,0.0,5.021,90.088,,,0.896
1263,3.231,0.896,0.0,0.0,0.0,5.021,90.088,,,0.896
1264,3.231,0.896,0.0,0.0,0.0,5.021,90.088,,,0.896
1265,3.32,0.853,0.0,0.0,0.0,4.777,90.064,,,0.853
1266,3.32,0.853,0.0,0.0,0.0,4.777,90.064,,,0.853
1267,3.32,0.853,0.0,0.0,0.0,4.777,90.064,,,0.853
1268,3.32,0.853,0.0,0.0,0.0,4.777,90.064,,,0.853
1269,3.32,0.853,0.0,0.0,0.0,4.777,90.064,,,0.853
1270,3.32,0.853,0.0,0.0,0.0,4.777,90.064,,,0.853
1271,3.32,0.853,0.0,0.0,0.0,4.777,90.064,,,0.853
1272,3.32,0.853,0.0,0.0,0.0,4.777,90.064,,,0.853
1273,3.39,0.909,0.0,0.0,0.0,4.777,90.064,,,0.909
1274,3.39,0.909,0.0,0.0,0.0,4.777,90.064,,,0.909
1275,3.39,0.909,0.0,0.0,0.0,4.777,90.064,,,0.909
1276,3.39,0.909,0.0,0.0,0.0,4.777,90.064,,,0.909
1277,3.39,0.909,0.0,0.0,0.0,4.777,90.064,,,0.909
1278,3.39,0.909,0.0,0.0,0.0,4.777,90.064,,,0.909
1279,3.39,0.909,0.0,0.0,0.0,4.777,90.064,,,0.909
1280,3.39,0.909,0.0,0.0,0.0,4.777,90.064,,,0.909
1281,3.39,0.909,0.0,0.0,0.0,4.777,90.064,,,0.909
1282,3.39,0.909,0.0,0.0,0.0,4.777,90.064,,,0.909
1283,3.39,0.909,0.0,0.0,0.0,4.777,90.064,,,0.909
1284,3.39,0.909,0.0,0.0,0.0,4.777,90.064,,,0.909
1285,3.39,0.909,0.0,0.0,0.0,4.777,90.064,,,0.909
1286,3.39,0.909,0.0,0.0,0.0,4.777,90.064,,,0.909
1287,3.39,0.909,0.0,0.0,0.0,4.777,90.064,,,0.909
1288,3.39,0.909,0.0,0.0,0.0,4.777,90.064,,,0.909
1289,3.187,0.912,0.0,0.0,0.0,4.778,90.064,,,0.912
1290,3.187,0.912,0.0,0.0,0.0,4.778,90.064,,,0.912
1291,3.187,0.912,0.0,0.0,0.0,4.778,90.064,,,0.912
1292,3.187,0.912,0.0,0.0,0.0,4.778,90.064,,,0.912
1293,3.187,0.912,0.0,0.0,0.0,4.778,90.064,,,0.912
1294,3.187,0.912,0.0,0.0,0.0,4.778,90.064,,,0.912
1295,3.187,0.912,0.0,0.0,0.0,4.778,90.064,,,0.912
1296,3.187,0.912,0.0,0.0,0.0,4.778,90.064,,,0.912
1297,3.406,0.913,0.0,0.0,0.0,4.725,90.064,,,0.913
1298,3.406,0.913,0.0,0.0,0.0,4.725,90.064,,,0.913
1299,3.406,0.913,0.0,0.0,0.0,4.725,90.064,,,0.913
1300,3.406,0.913,0.0,0.0,0.0,4.725,90.064,,,0.913
1301,3.406,0.913,0.0,0.0,0.0,4.725,90.064,,,0.913
1302,3.406,0.913,0.0,0.0,0.0,4.725,90.064,,,0.913
1303,3.406,0.913,0.0,0.0,0.0,4.725,90.064,,,0.913
1304,3.406,0.913,0.0,0.0,0.0,4.725,90.064,,,0.913
1305,3.406,0.913,0.0,0.0,0.0,4.725,90.064,,,0.913
1306,3.406,0.913,0.0,0.0,0.0,4.725,90.064,,,0.913
1307,3.406,0.913,0.0,0.0,0.0,4.725,90.064,,,0.913
1308,3.406,0.913,0.0,0.0,0.0,4.725,90.064,,,0.913
1309,3.406,0.913,0.0,0.0,0.0,4.725,90.064,,,0.913
1310,3.406,0.913,0.0,0.0,0.0,4.725,90.064,,,0.913
1311,3.406,0.913,0.0,0.0,0.0,4.725,90.064,,,0.913
1312,3.406,0.913,0.0,0.0,0.0,4.725,90.064,,,0.913
1313,3.412,0.904,0.0,0.0,0.0,4.61,90.059,,,0.904
1314,3.412,0.904,0.0,0.0,0.0,4.61,90.059,,,0.904
1315,3.412,0.904,0.0,0.0,0.0,4.61,90.059,,,0.904
1316,3.412,0.904,0.0,0.0,0.0,4.61,90.059,,,0.904
1317,3.412,0.904,0.0,0.0,0.0,4.61,90.059,,,0.904
1318,3.412,0.904,0.0,0.0,0.0,4.61,90.059,,,0.904
1319,3.412,0.904,0.0,0.0,0.0,4.61,90.059,,,0.904
1320,3.412,0.904,0.0,0.0,0.0,4.61,90.059,,,0.904
1321,3.23,0.867,0.0,0.0,0.0,4.572,90.059,,,0.867
1322,3.23,0.867,0.0,0.0,0.0,4.572,90.059,,,0.867
1323,3.23,0.867,0.0,0.0,0.0,4.572,90.059,,,0.867
1324,3.23,0.867,0.0,0.0,0.0,4.572,90.059,,,0.867
1325,3.23,0.867,0.0,0.0,0.0,4.572,90.059,,,0.867
1326,3.23,0.867,0.0,0.0,0.0,4.572,90.059,,,0.867
1327,3.23,0.867,0.0,0.0,0.0,4.572,90.059,,,0.867
1328,3.23,0.867,0.0,0.0,0.0,4.572,90.059,,,0.867
1329,3.23,0.867,0.0,0.0,0.0,4.572,90.059,,,0.867
1330,3.23,0.867,0.0,0.0,0.0,4.572,90.059,,,0.867
1331,3.23,0.867,0.0,0.0,0.0,4.572,90.059,,,0.867
1332,3.23,0.867,0.0,0.0,0.0,4.572,90.059,,,0.867
1333,3.23,0.867,0.0,0.0,0.0,4.572,90.059,,,0.867
1334,3.23,0.867,0.0,0.0,0.0,4.572,90.059,,,0.867
1335,3.23,0.867,0.0,0.0,0.0,4.572,90.059,,,0.867
1336,3.23,0.867,0.0,0.0,0.0,4.572,90.059,,,0.867
1337,3.413,0.87,0.0,0.0,0.0,4.804,90.059,,,0.87
1338,3.413,0.87,0.0,0.0,0.0,4.804,90.059,,,0.87
1339,3.413,0.87,0.0,0.0,0.0,4.804,90.059,,,0.87
1340,3.413,0.87,0.0,0.0,0.0,4.804,90.059,,,0.87
1341,3.413,0.87,0.0,0.0,0.0,4.804,90.059,,,0.87
1342,3.413,0.87,0.0,0.0,0.0,4.804,90.059,,,0.87
1343,3.413,0.87,0.0,0.0,0.0,4.804,90.059,,,0.87
1344,3.413,0.87,0.0,0.0,0.0,4.804,90.059,,,0.87
1345,3.449,0.859,0.0,0.0,0.0,4.578,90.059,,,0.859
1346,3.449,0.859,0.0,0.0,0.0,4.578,90.059,,,0.859
1347,3.449,0.859,0.0,0.0,0.0,4.578,90.059,,,0.859
1348,3.449,0.859,0.0,0.0,0.0,4.578,90.059,,,0.859
1349,3.449,0.859,0.0,0.0,0.0,4.578,90.059,,,0.859
1350,3.449,0.859,0.0,0.0,0.0,4.578,90.059,,,0.859
1351,3.449,0.859,0.0,0.0,0.0,4.578,90.059,,,0.859
1352,3.449,0.859,0.0,0.0,0.0,4.578,90.059,,,0.859
1353,3.449,0.859,0.0,0.0,0.0,4.578,90.059,,,0.859
1354,3.449,0.859,0.0,0.0,0.0,4.578,90.059,,,0.859
1355,3.449,0.859,0.0,0.0,0.0,4.578,90.059,,,0.859
1356,3.449,0.859,0.0,0.0,0.0,4.578,90.059,,,0.859
1357,3.449,0.859,0.0,0.0,0.0,4.578,90.059,,,0.859
1358,3.449,0.859,0.0,0.0,0.0,4.578,90.059,,,0.859
1359,3.449,0.859,0.0,0.0,0.0,4.578,90.059,,,0.859
1360,3.449,0.859,0.0,0.0,0.0,4.578,90.059,,,0.859
1361,3.458,0.915,0.0,0.0,0.0,4.579,84.172,,,0.915
1362,3.458,0.915,0.0,0.0,0.0,4.579,84.172,,,0.915
1363,3.458,0.915,0.0,0.0,0.0,4.579,84.172,,,0.915
1364,3.458,0.915,0.0,0.0,0.0,4.579,84.172,,,0.915
1365,3.458,0.915,0.0,0.0,0.0,4.579,84.172,,,0.915
1366,3.458,0.915,0.0,0.0,0.0,4.579,84.172,,,0.915
1367,3.458,0.915,0.0,0.0,0.0,4.579,84.172,,,0.915
1368,3.458,0.915,0.0,0.0,0.0,4.579,84.172,,,0.915
1369,3.274,0.918,0.0,0.0,0.0,4.951,85.23,,,0.918
1370,3.274,0.918,0.0,0.0,0.0,4.951,85.23,,,0.918
1371,3.274,0.918,0.0,0.0,0.0,4.951,85.23,,,0.918
1372,3.274,0.918,0.0,0.0,0.0,4.951,85.23,,,0.918
1373,3.274,0.918,0.0,0.0,0.0,4.951,85.23,,,0.918
1374,3.274,0.918,0.0,0.0,0.0,4.951,85.23,,,0.918
1375,3.274,0.918,0.0,0.0,0.0,4.951,85.23,,,0.918
1376,3.274,0.918,0.0,0.0,0.0,4.951,85.23,,,0.918
1377,3.274,0.918,0.0,0.0,0.0,4.951,85.23,,,0.918
1378,3.274,0.918,0.0,0.0,0.0,4.951,85.23,,,0.918
1379,3.274,0.918,0.0,0.0,0.0,4.951,85.23,,,0.918
1380,3.274,0.918,0.0,0.0,0.0,4.951,85.23,,,0.918
1381,3.274,0.918,0.0,0.0,0.0,4.951,85.23,,,0.918
1382,3.274,0.918,0.0,0.0,0.0,4.951,85.23,,,0.918
1383,3.274,0.918,0.0,0.0,0.0,4.951,85.23,,,0.918
1384,3.274,0.918,0.0,0.0,0.0,4.951,85.23,,,0.918
1385,3.494,0.919,0.0,0.0,0.0,4.674,90.11,,,0.919
1386,3.494,0.919,0.0,0.0,0.0,4.674,90.11,,,0.919
1387,3.494,0.919,0.0,0.0,0.0,4.674,90.11,,,0.919
1388,3.494,0.919,0.0,0.0,0.0,4.674,90.11,,,0.919
1389,3.494,0.919,0.0,0.0,0.0,4.674,90.11,,,0.919
1390,3.494,0.919,0.0,0.0,0.0,4.674,90.11,,,0.919
1391,3.494,0.919,0.0,0.0,0.0,4.674,90.11,,,0.919
1392,3.494,0.919,0.0,0.0,0.0,4.674,90.11,,,0.919
1393,3.273,0.92,0.0,0.0,0.0,4.675,90.122,,,0.92
1394,3.273,0.92,0.0,0.0,0.0,4.675,90.122,,,0.92
1395,3.273,0.92,0.0,0.0,0.0,4.675,90.122,,,0.92
1396,3.273,0.92,0.0,0.0,0.0,4.675,90.122,,,0.92
1397,3.273,0.92,0.0,0.0,0.0,4.675,90.122,,,0.92
1398,3.273,0.92,0.0,0.0,0.0,4.675,90.122,,,0.92
1399,3.273,0.92,0.0,0.0,0.0,4.675,90.122,,,0.92
1400,3.273,0.92,0.0,0.0,0.0,4.675,90.122,,,0.92
1401,3.273,0.92,0.0,0.0,0.0,4.675,90.122,,,0.92
1402,3.273,0.92,0.0,0.0,0.0,4.675,90.122,,,0.92
1403,3.273,0.92,0.0,0.0,0.0,4.675,90.122,,,0.92
1404,3.273,0.92,0.0,0.0,0.0,4.675,90.122,,,0.92
1405,3.273,0.92,0.0,0.0,0.0,4.675,90.122,,,0.92
1406,3.273,0.92,0.0,0.0,0.0,4.675,90.122,,,0.92
1407,3.273,0.92,0.0,0.0,0.0,4.675,90.122,,,0.92
1408,3.273,0.92,0.0,0.0,0.0,4.675,90.122,,,0.92
1409,3.502,0.964,0.0,0.0,0.0,4.675,84.375,,,0.964
1410,3.502,0.964,0.0,0.0,0.0,4.675,84.375,,,0.964
1411,3.502,0.964,0.0,0.0,0.0,4.675,84.375,,,0.964
1412,3.502,0.964,0.0,0.0,0.0,4.675,84.375,,,0.964
1413,3.502,0.964,0.0,0.0,0.0,4.675,84.375,,,0.964
1414,3.502,0.964,0.0,0.0,0.0,4.675,84.375,,,0.964
1415,3.502,0.964,0.0,0.0,0.0,4.675,84.375,,,0.964
1416,3.502,0.964,0.0,0.0,0.0,4.675,84.375,,,0.964
1417,3.28,0.978,0.0,0.0,0.0,4.707,90.124,,,0.978
1418,3.28,0.978,0.0,0.0,0.0,4.707,90.124,,,0.978
1419,3.28,0.978,0.0,0.0,0.0,4.707,90.124,,,0.978
1420,3.28,0.978,0.0,0.0,0.0,4.707,90.124,,,0.978
1421,3.28,0.978,0.0,0.0,0.0,4.707,90.124,,,0.978
1422,3.28,0.978,0.0,0.0,0.0,4.707,90.124,,,0.978
1423,3.28,0.978,0.0,0.0,0.0,4.707,90.124,,,0.978
1424,3.28,0.978,0.0,0.0,0.0,4.707,90.124,,,0.978
1425,3.28,0.978,0.0,0.0,0.0,4.707,90.124,,,0.978
1426,3.28,0.978,0.0,0.0,0.0,4.707,90.124,,,0.978
1427,3.28,0.978,0.0,0.0,0.0,4.707,90.124,,,0.978
1428,3.28,0.978,0.0,0.0,0.0,4.707,90.124,,,0.978
1429,3.28,0.978,0.0,0.0,0.0,4.707,90.124,,,0.978
1430,3.28,0.978,0.0,0.0,0.0,4.707,90.124,,,0.978
1431,3.28,0.978,0.0,0.0,0.0,4.707,90.124,,,0.978
1432,3.28,0.978,0.0,0.0,0.0,4.707,90.124,,,0.978
1433,3.317,0.917,0.0,0.0,0.0,4.549,85.268,,,0.917
1434,3.317,0.917,0.0,0.0,0.0,4.549,85.268,,,0.917
1435,3.317,0.917,0.0,0.0,0.0,4.549,85.268,,,0.917
1436,3.317,0.917,0.0,0.0,0.0,4.549,85.268,,,0.917
1437,3.317,0.917,0.0,0.0,0.0,4.549,85.268,,,0.917
1438,3.317,0.917,0.0,0.0,0.0,4.549,85.268,,,0.917
1439,3.317,0.917,0.0,0.0,0.0,4.549,85.268,,,0.917
1440,3.317,0.917,0.0,0.0,0.0,4.549,85.268,,,0.917
1441,3.502,0.981,0.0,0.0,0.0,4.507,90.124,,,0.981
1442,3.502,0.981,0.0,0.0,0.0,4.507,90.124,,,0.981
1443,3.502,0.981,0.0,0.0,0.0,4.507,90.124,,,0.981
1444,3.502,0.981,0.0,0.0,0.0,4.507,90.124,,,0.981
1445,3.502,0.981,0.0,0.0,0.0,4.507,90.124,,,0.981
1446,3.502,0.981,0.0,0.0,0.0,4.507,90.124,,,0.981
1447,3.502,0.981,0.0,0.0,0.0,4.507,90.124,,,0.981
1448,3.502,0.981,0.0,0.0,0.0,4.507,90.124,,,0.981
1449,3.502,0.981,0.0,0.0,0.0,4.507,90.124,,,0.981
1450,3.502,0.981,0.0,0.0,0.0,4.507,90.124,,,0.981
1451,3.502,0.981,0.0,0.0,0.0,4.507,90.124,,,0.981
1452,3.502,0.981,0.0,0.0,0.0,4.507,90.124,,,0.981
1453,3.502,0.981,0.0,0.0,0.0,4.507,90.124,,,0.981
1454,3.502,0.981,0.0,0.0,0.0,4.507,90.124,,,0.981
1455,3.502,0.981,0.0,0.0,0.0,4.507,90.124,,,0.981
1456,3.502,0.981,0.0,0.0,0.0,4.507,90.124,,,0.981
1457,3.319,0.972,0.0,0.0,0.0,4.434,90.124,,,0.972
1458,3.319,0.972,0.0,0.0,0.0,4.434,90.124,,,0.972
1459,3.319,0.972,0.0,0.0,0.0,4.434,90.124,,,0.972
1460,3.319,0.972,0.0,0.0,0.0,4.434,90.124,,,0.972
1461,3.319,0.972,0.0,0.0,0.0,4.434,90.124,,,0.972
1462,3.319,0.972,0.0,0.0,0.0,4.434,90.124,,,0.972
1463,3.319,0.972,0.0,0.0,0.0,4.434,90.124,,,0.972
1464,3.319,0.972,0.0,0.0,0.0,4.434,90.124,,,0.972
1465,3.283,0.918,0.0,0.0,0.0,4.683,90.096,,,0.918
1466,3.283,0.918,0.0,0.0,0.0,4.683,90.096,,,0.918
1467,3.283,0.918,0.0,0.0,0.0,4.683,90.096,,,0.918
1468,3.283,0.918,0.0,0.0,0.0,4.683,90.096,,,0.918
1469,3.283,0.918,0.0,0.0,0.0,4.683,90.096,,,0.918
1470,3.283,0.918,0.0,0.0,0.0,4.683,90.096,,,0.918
1471,3.283,0.918,0.0,0.0,0.0,4.683,90.096,,,0.918
1472,3.283,0.918,0.0,0.0,0.0,4.683,90.096,,,0.918
1473,3.283,0.918,0.0,0.0,0.0,4.683,90.096,,,0.918
1474,3.283,0.918,0.0,0.0,0.0,4.683,90.096,,,0.918
1475,3.283,0.918,0.0,0.0,0.0,4.683,90.096,,,0.918
1476,3.283,0.918,0.0,0.0,0.0,4.683,90.096,,,0.918
1477,3.283,0.918,0.0,0.0,0.0,4.683,90.096,,,0.918
1478,3.283,0.918,0.0,0.0,0.0,4.683,90.096,,,0.918
1479,3.283,0.918,0.0,0.0,0.0,4.683,90.096,,,0.918
1480,3.283,0.918,0.0,0.0,0.0,4.683,90.096,,,0.918
1481,3.511,0.982,0.0,0.0,0.0,4.675,90.096,,,0.982
1482,3.511,0.982,0.0,0.0,0.0,4.675,90.096,,,0.982
1483,3.511,0.982,0.0,0.0,0.0,4.675,90.096,,,0.982
1484,3.511,0.982,0.0,0.0,0.0,4.675,90.096,,,0.982
1485,3.511,0.982,0.0,0.0,0.0,4.675,90.096,,,0.982
1486,3.511,0.982,0.0,0.0,0.0,4.675,90.096,,,0.982
1487,3.511,0.982,0.0,0.0,0.0,4.675,90.096,,,0.982
1488,3.511,0.982,0.0,0.0,0.0,4.675,90.096,,,0.982
1489,3.326,0.93,0.0,0.0,0.0,4.454,84.217,,,0.93
1490,3.326,0.93,0.0,0.0,0.0,4.454,84.217,,,0.93
1491,3.326,0.93,0.0,0.0,0.0,4.454,84.217,,,0.93
1492,3.326,0.93,0.0,0.0,0.0,4.454,84.217,,,0.93
1493,3.326,0.93,0.0,0.0,0.0,4.454,84.217,,,0.93
1494,3.326,0.93,0.0,0.0,0.0,4.454,84.217,,,0.93
1495,3.326,0.93,0.0,0.0,0.0,4.454,84.217,,,0.93
1496,3.326,0.93,0.0,0.0,0.0,4.454,84.217,,,0.93
1497,3.326,0.93,0.0,0.0,0.0,4.454,84.217,,,0.93
1498,3.326,0.93,0.0,0.0,0.0,4.454,84.217,,,0.93
1499,3.326,0.93,0.0,0.0,0.0,4.454,84.217,,,0.93
1500,3.326,0.93,0.0,0.0,0.0,4.454,84.217,,,0.93
1501,3.326,0.93,0.0,0.0,0.0,4.454,84.217,,,0.93
1502,3.326,0.93,0.0,0.0,0.0,4.454,84.217,,,0.93
1503,3.326,0.93,0.0,0.0,0.0,4.454,84.217,,,0.93
1504,3.326,0.93,0.0,0.0,0.0,4.454,84.217,,,0.93
1505,3.327,0.983,0.0,0.0,0.0,4.454,90.101,,,0.983
1506,3.327,0.983,0.0,0.0,0.0,4.454,90.101,,,0.983
1507,3.327,0.983,0.0,0.0,0.0,4.454,90.101,,,0.983
1508,3.327,0.983,0.0,0.0,0.0,4.454,90.101,,,0.983
1509,3.327,0.983,0.0,0.0,0.0,4.454,90.101,,,0.983
1510,3.327,0.983,0.0,0.0,0.0,4.454,90.101,,,0.983
1511,3.327,0.983,0.0,0.0,0.0,4.454,90.101,,,0.983
1512,3.327,0.983,0.0,0.0,0.0,4.454,90.101,,,0.983
1513,3.29,0.92,0.0,0.0,0.0,4.689,84.288,,,0.92
1514,3.29,0.92,0.0,0.0,0.0,4.689,84.288,,,0.92
1515,3.29,0.92,0.0,0.0,0.0,4.689,84.288,,,0.92
1516,3.29,0.92,0.0,0.0,0.0,4.689,84.288,,,0.92
1517,3.29,0.92,0.0,0.0,0.0,4.689,84.288,,,0.92
1518,3.29,0.92,0.0,0.0,0.0,4.689,84.288,,,0.92
1519,3.29,0.92,0.0,0.0,0.0,4.689,84.288,,,0.92
1520,3.29,0.92,0.0,0.0,0.0,4.689,84.288,,,0.92
1521,3.29,0.92,0.0,0.0,0.0,4.689,84.288,,,0.92
1522,3.29,0.92,0.0,0.0,0.0,4.689,84.288,,,0.92
1523,3.29,0.92,0.0,0.0,0.0,4.689,84.288,,,0.92
1524,3.29,0.92,0.0,0.0,0.0,4.689,84.288,,,0.92
1525,3.29,0.92,0.0,0.0,0.0,4.689,84.288,,,0.92
1526,3.29,0.92,0.0,0.0,0.0,4.689,84.288,,,0.92
1527,3.29,0.92,0.0,0.0,0.0,4.689,84.288,,,0.92
1528,3.29,0.92,0.0,0.0,0.0,4.689,84.288,,,0.92
1529,3.518,0.932,0.0,0.0,0.0,4.465,90.124,,,0.932
1530,3.518,0.932,0.0,0.0,0.0,4.465,90.124,,,0.932
1531,3.518,0.932,0.0,0.0,0.0,4.465,90.124,,,0.932
1532,3.518,0.932,0.0,0.0,0.0,4.465,90.124,,,0.932
1533,3.518,0.932,0.0,0.0,0.0,4.465,90.124,,,0.932
1534,3.518,0.932,0.0,0.0,0.0,4.465,90.124,,,0.932
1535,3.518,0.932,0.0,0.0,0.0,4.465,90.124,,,0.932
1536,3.518,0.932,0.0,0.0,0.0,4.465,90.124,,,0.932
1537,3.334,0.932,0.0,0.0,0.0,4.467,84.39,,,0.932
1538,3.334,0.932,0.0,0.0,0.0,4.467,84.39,,,0.932
1539,3.334,0.932,0.0,0.0,0.0,4.467,84.39,,,0.932
1540,3.334,0.932,0.0,0.0,0.0,4.467,84.39,,,0.932
1541,3.334,0.932,0.0,0.0,0.0,4.467,84.39,,,0.932
1542,3.334,0.932,0.0,0.0,0.0,4.467,84.39,,,0.932
1543,3.334,0.932,0.0,0.0,0.0,4.467,84.39,,,0.932
1544,3.334,0.932,0.0,0.0,0.0,4.467,84.39,,,0.932
1545,3.334,0.932,0.0,0.0,0.0,4.467,84.39,,,0.932
1546,3.334,0.932,0.0,0.0,0.0,4.467,84.39,,,0.932
1547,3.334,0.932,0.0,0.0,0.0,4.467,84.39,,,0.932
1548,3.334,0.932,0.0,0.0,0.0,4.467,84.39,,,0.932
1549,3.334,0.932,0.0,0.0,0.0,4.467,84.39,,,0.932
1550,3.334,0.932,0.0,0.0,0.0,4.467,84.39,,,0.932
1551,3.334,0.932,0.0,0.0,0.0,4.467,84.39,,,0.932
1552,3.334,0.932,0.0,0.0,0.0,4.467,84.39,,,0.932
1553,3.334,0.984,0.0,0.0,0.0,4.411,90.129,,,0.984
1554,3.334,0.984,0.0,0.0,0.0,4.411,90.129,,,0.984
1555,3.334,0.984,0.0,0.0,0.0,4.411,90.129,,,0.984
1556,3.334,0.984,0.0,0.0,0.0,4.411,90.129,,,0.984
1557,3.334,0.984,0.0,0.0,0.0,4.411,90.129,,,0.984
1558,3.334,0.984,0.0,0.0,0.0,4.411,90.129,,,0.984
1559,3.334,0.984,0.0,0.0,0.0,4.411,90.129,,,0.984
1560,3.334,0.984,0.0,0.0,0.0,4.411,90.129,,,0.984
1561,3.297,0.922,0.0,0.0,0.0,4.452,90.13,,,0.922
1562,3.297,0.922,0.0,0.0,0.0,4.452,90.13,,,0.922
1563,3.297,0.922,0.0,0.0,0.0,4.452,90.13,,,0.922
1564,3.297,0.922,0.0,0.0,0.0,4.452,90.13,,,0.922
1565,3.297,0.922,0.0,0.0,0.0,4.452,90.13,,,0.922
1566,3.297,0.922,0.0,0.0,0.0,4.452,90.13,,,0.922
1567,3.297,0.922,0.0,0.0,0.0,4.452,90.13,,,0.922
1568,3.297,0.922,0.0,0.0,0.0,4.452,90.13,,,0.922
1569,3.297,0.922,0.0,0.0,0.0,4.452,90.13,,,0.922
1570,3.297,0.922,0.0,0.0,0.0,4.452,90.13,,,0.922
1571,3.297,0.922,0.0,0.0,0.0,4.452,90.13,,,0.922
1572,3.297,0.922,0.0,0.0,0.0,4.452,90.13,,,0.922
1573,3.297,0.922,0.0,0.0,0.0,4.452,90.13,,,0.922
1574,3.297,0.922,0.0,0.0,0.0,4.452,90.13,,,0.922
1575,3.297,0.922,0.0,0.0,0.0,4.452,90.13,,,0.922
1576,3.297,0.922,0.0,0.0,0.0,4.452,90.13,,,0.922
1577,3.525,0.923,0.0,0.0,0.0,4.308,90.102,,,0.923
1578,3.525,0.923,0.0,0.0,0.0,4.308,90.102,,,0.923
1579,3.525,0.923,0.0,0.0,0.0,4.308,90.102,,,0.923
1580,3.525,0.923,0.0,0.0,0.0,4.308,90.102,,,0.923
1581,3.525,0.923,0.0,0.0,0.0,4.308,90.102,,,0.923
1582,3.525,0.923,0.0,0.0,0.0,4.308,90.102,,,0.923
1583,3.525,0.923,0.0,0.0,0.0,4.308,90.102,,,0.923
1584,3.525,0.923,0.0,0.0,0.0,4.308,90.102,,,0.923
1585,3.527,0.986,0.0,0.0,0.0,4.274,90.102,,,0.986
1586,3.527,0.986,0.0,0.0,0.0,4.274,90.102,,,0.986
1587,3.527,0.986,0.0,0.0,0.0,4.274,90.102,,,0.986
1588,3.527,0.986,0.0,0.0,0.0,4.274,90.102,,,0.986
1589,3.527,0.986,0.0,0.0,0.0,4.274,90.102,,,0.986
1590,3.527,0.986,0.0,0.0,0.0,4.274,90.102,,,0.986
1591,3.527,0.986,0.0,0.0,0.0,4.274,90.102,,,0.986
1592,3.527,0.986,0.0,0.0,0.0,4.274,90.102,,,0.986
1593,3.527,0.986,0.0,0.0,0.0,4.274,90.102,,,0.986
1594,3.527,0.986,0.0,0.0,0.0,4.274,90.102,,,0.986
1595,3.527,0.986,0.0,0.0,0.0,4.274,90.102,,,0.986
1596,3.527,0.986,0.0,0.0,0.0,4.274,90.102,,,0.986
1597,3.527,0.986,0.0,0.0,0.0,4.274,90.102,,,0.986
1598,3.527,0.986,0.0,0.0,0.0,4.274,90.102,,,0.986
1599,3.527,0.986,0.0,0.0,0.0,4.274,90.102,,,0.986
1600,3.527,0.986,0.0,0.0,0.0,4.274,90.102,,,0.986
1601,3.303,0.987,0.0,0.0,0.0,4.197,84.221,,,0.987
1602,3.303,0.987,0.0,0.0,0.0,4.197,84.221,,,0.987
1603,3.303,0.987,0.0,0.0,0.0,4.197,84.221,,,0.987
1604,3.303,0.987,0.0,0.0,0.0,4.197,84.221,,,0.987
1605,3.303,0.987,0.0,0.0,0.0,4.197,84.221,,,0.987
1606,3.303,0.987,0.0,0.0,0.0,4.197,84.221,,,0.987
1607,3.303,0.987,0.0,0.0,0.0,4.197,84.221,,,0.987
1608,3.303,0.987,0.0,0.0,0.0,4.197,84.221,,,0.987
1609,3.529,0.988,0.0,0.0,0.0,4.229,90.103,,,0.988
1610,3.529,0.988,0.0,0.0,0.0,4.229,90.103,,,0.988
1611,3.529,0.988,0.0,0.0,0.0,4.229,90.103,,,0.988
1612,3.529,0.988,0.0,0.0,0.0,4.229,90.103,,,0.988
1613,3.529,0.988,0.0,0.0,0.0,4.229,90.103,,,0.988
1614,3.529,0.988,0.0,0.0,0.0,4.229,90.103,,,0.988
1615,3.529,0.988,0.0,0.0,0.0,4.229,90.103,,,0.988
1616,3.529,0.988,0.0,0.0,0.0,4.229,90.103,,,0.988
1617,3.529,0.988,0.0,0.0,0.0,4.229,90.103,,,0.988
1618,3.529,0.988,0.0,0.0,0.0,4.229,90.103,,,0.988
1619,3.529,0.988,0.0,0.0,0.0,4.229,90.103,,,0.988
1620,3.529,0.988,0.0,0.0,0.0,4.229,90.103,,,0.988
1621,3.529,0.988,0.0,0.0,0.0,4.229,90.103,,,0.988
1622,3.529,0.988,0.0,0.0,0.0,4.229,90.103,,,0.988
1623,3.529,0.988,0.0,0.0,0.0,4.229,90.103,,,0.988
1624,3.529,0.988,0.0,0.0,0.0,4.229,90.103,,,0.988
1625,3.343,0.924,0.0,0.0,0.0,4.137,84.288,,,0.924
1626,3.343,0.924,0.0,0.0,0.0,4.137,84.288,,,0.924
1627,3.343,0.924,0.0,0.0,0.0,4.137,84.288,,,0.924
1628,3.343,0.924,0.0,0.0,0.0,4.137,84.288,,,0.924
1629,3.343,0.924,0.0,0.0,0.0,4.137,84.288,,,0.924
1630,3.343,0.924,0.0,0.0,0.0,4.137,84.288,,,0.924
1631,3.343,0.924,0.0,0.0,0.0,4.137,84.288,,,0.924
1632,3.343,0.924,0.0,0.0,0.0,4.137,84.288,,,0.924
1633,3.344,0.925,0.0,0.0,0.0,4.416,90.125,,,0.925
1634,3.344,0.925,0.0,0.0,0.0,4.416,90.125,,,0.925
1635,3.344,0.925,0.0,0.0,0.0,4.416,90.125,,,0.925
1636,3.344,0.925,0.0,0.0,0.0,4.416,90.125,,,0.925
1637,3.344,0.925,0.0,0.0,0.0,4.416,90.125,,,0.925
1638,3.344,0.925,0.0,0.0,0.0,4.416,90.125,,,0.925
1639,3.344,0.925,0.0,0.0,0.0,4.416,90.125,,,0.925
1640,3.344,0.925,0.0,0.0,0.0,4.416,90.125,,,0.925
1641,3.344,0.925,0.0,0.0,0.0,4.416,90.125,,,0.925
1642,3.344,0.925,0.0,0.0,0.0,4.416,90.125,,,0.925
1643,3.344,0.925,0.0,0.0,0.0,4.416,90.125,,,0.925
1644,3.344,0.925,0.0,0.0,0.0,4.416,90.125,,,0.925
1645,3.547,0.896,0.0,0.0,0.0,4.187,90.102,,,0.896
1646,3.547,0.896,0.0,0.0,0.0,4.187,90.102,,,0.896
1647,3.547,0.896,0.0,0.0,0.0,4.187,90.102,,,0.896
1648,3.547,0.896,0.0,0.0,0.0,4.187,90.102,,,0.896
1649,3.547,0.896,0.0,0.0,0.0,4.187,90.102,,,0.896
1650,3.553,0.951,0.0,0.0,0.0,4.152,90.074,,,0.951
1651,3.553,0.951,0.0,0.0,0.0,4.152,90.074,,,0.951
1652,3.553,0.951,0.0,0.0,0.0,4.152,90.074,,,0.951
1653,3.553,0.951,0.0,0.0,0.0,4.152,90.074,,,0.951
1654,3.553,0.951,0.0,0.0,0.0,4.152,90.074,,,0.951
1655,3.553,0.951,0.0,0.0,0.0,4.152,90.074,,,0.951
1656,3.553,0.951,0.0,0.0,0.0,4.152,90.074,,,0.951
1657,3.553,0.951,0.0,0.0,0.0,4.152,90.074,,,0.951
1658,3.553,0.951,0.0,0.0,0.0,4.152,90.074,,,0.951
1659,3.553,0.951,0.0,0.0,0.0,4.152,90.074,,,0.951
1660,3.553,0.951,0.0,0.0,0.0,4.152,90.074,,,0.951
1661,3.553,0.951,0.0,0.0,0.0,4.152,90.074,,,0.951
1662,3.553,0.951,0.0,0.0,0.0,4.152,90.074,,,0.951
1663,3.553,0.951,0.0,0.0,0.0,4.152,90.074,,,0.951
1664,3.553,0.951,0.0,0.0,0.0,4.152,90.074,,,0.951
1665,3.553,0.951,0.0,0.0,0.0,4.152,90.074,,,0.951
1666,3.363,0.893,0.0,0.0,0.0,4.044,90.074,,,0.893
1667,3.363,0.893,0.0,0.0,0.0,4.044,90.074,,,0.893
1668,3.363,0.893,0.0,0.0,0.0,4.044,90.074,,,0.893
1669,3.363,0.893,0.0,0.0,0.0,4.044,90.074,,,0.893
1670,3.363,0.893,0.0,0.0,0.0,4.044,90.074,,,0.893
1671,3.363,0.893,0.0,0.0,0.0,4.044,90.074,,,0.893
1672,3.363,0.893,0.0,0.0,0.0,4.044,90.074,,,0.893
1673,3.363,0.893,0.0,0.0,0.0,4.044,90.074,,,0.893
1674,3.364,0.897,0.0,0.0,0.0,4.182,84.202,,,0.897
1675,3.364,0.897,0.0,0.0,0.0,4.182,84.202,,,0.897
1676,3.364,0.897,0.0,0.0,0.0,4.182,84.202,,,0.897
1677,3.364,0.897,0.0,0.0,0.0,4.182,84.202,,,0.897
1678,3.364,0.897,0.0,0.0,0.0,4.182,84.202,,,0.897
1679,3.364,0.897,0.0,0.0,0.0,4.182,84.202,,,0.897
1680,3.364,0.897,0.0,0.0,0.0,4.182,84.202,,,0.897
1681,3.364,0.897,0.0,0.0,0.0,4.182,84.202,,,0.897
1682,3.364,0.897,0.0,0.0,0.0,4.182,84.202,,,0.897
1683,3.364,0.897,0.0,0.0,0.0,4.182,84.202,,,0.897
1684,3.364,0.897,0.0,0.0,0.0,4.182,84.202,,,0.897
1685,3.364,0.897,0.0,0.0,0.0,4.182,84.202,,,0.897
1686,3.364,0.897,0.0,0.0,0.0,4.182,84.202,,,0.897
1687,3.364,0.897,0.0,0.0,0.0,4.182,84.202,,,0.897
1688,3.364,0.897,0.0,0.0,0.0,4.182,84.202,,,0.897
1689,3.364,0.897,0.0,0.0,0.0,4.182,84.202,,,0.897
1690,3.379,0.954,0.0,0.0,0.0,4.009,84.121,,,0.954
1691,3.379,0.954,0.0,0.0,0.0,4.009,84.121,,,0.954
1692,3.379,0.954,0.0,0.0,0.0,4.009,84.121,,,0.954
1693,3.379,0.954,0.0,0.0,0.0,4.009,84.121,,,0.954
1694,3.379,0.954,0.0,0.0,0.0,4.009,84.121,,,0.954
1695,3.379,0.954,0.0,0.0,0.0,4.009,84.121,,,0.954
1696,3.379,0.954,0.0,0.0,0.0,4.009,84.121,,,0.954
1697,3.379,0.954,0.0,0.0,0.0,4.009,84.121,,,0.954
1698,3.339,0.882,0.0,0.0,0.0,3.994,84.228,,,0.882
1699,3.339,0.882,0.0,0.0,0.0,3.994,84.228,,,0.882
1700,3.339,0.882,0.0,0.0,0.0,3.994,84.228,,,0.882
1701,3.339,0.882,0.0,0.0,0.0,3.994,84.228,,,0.882
1702,3.339,0.882,0.0,0.0,0.0,3.994,84.228,,,0.882
1703,3.339,0.882,0.0,0.0,0.0,3.994,84.228,,,0.882
1704,3.339,0.882,0.0,0.0,0.0,3.994,84.228,,,0.882
1705,3.339,0.882,0.0,0.0,0.0,3.994,84.228,,,0.882
1706,3.339,0.882,0.0,0.0,0.0,3.994,84.228,,,0.882
1707,3.339,0.882,0.0,0.0,0.0,3.994,84.228,,,0.882
1708,3.339,0.882,0.0,0.0,0.0,3.994,84.228,,,0.882
1709,3.339,0.882,0.0,0.0,0.0,3.994,84.228,,,0.882
1710,3.339,0.882,0.0,0.0,0.0,3.994,84.228,,,0.882
1711,3.339,0.882,0.0,0.0,0.0,3.994,84.228,,,0.882
1712,3.339,0.882,0.0,0.0,0.0,3.994,84.228,,,0.882
1713,3.339,0.882,0.0,0.0,0.0,3.994,84.228,,,0.882
1714,3.26,0.901,0.0,0.0,0.0,4.345,84.199,,,0.901
1715,3.26,0.901,0.0,0.0,0.0,4.345,84.199,,,0.901
1716,3.26,0.901,0.0,0.0,0.0,4.345,84.199,,,0.901
1717,3.26,0.901,0.0,0.0,0.0,4.345,84.199,,,0.901
1718,3.26,0.901,0.0,0.0,0.0,4.345,84.199,,,0.901
1719,3.26,0.901,0.0,0.0,0.0,4.345,84.199,,,0.901
1720,3.26,0.901,0.0,0.0,0.0,4.345,84.199,,,0.901
1721,3.26,0.901,0.0,0.0,0.0,4.345,84.199,,,0.901
1722,3.234,0.892,0.0,0.0,0.0,4.095,84.254,,,0.892
1723,3.234,0.892,0.0,0.0,0.0,4.095,84.254,,,0.892
1724,3.234,0.892,0.0,0.0,0.0,4.095,84.254,,,0.892
1725,3.234,0.892,0.0,0.0,0.0,4.095,84.254,,,0.892
1726,3.234,0.892,0.0,0.0,0.0,4.095,84.254,,,0.892
1727,3.234,0.892,0.0,0.0,0.0,4.095,84.254,,,0.892
1728,3.234,0.892,0.0,0.0,0.0,4.095,84.254,,,0.892
1729,3.234,0.892,0.0,0.0,0.0,4.095,84.254,,,0.892
1730,3.234,0.892,0.0,0.0,0.0,4.095,84.254,,,0.892
1731,3.234,0.892,0.0,0.0,0.0,4.095,84.254,,,0.892
1732,3.234,0.892,0.0,0.0,0.0,4.095,84.254,,,0.892
1733,3.234,0.892,0.0,0.0,0.0,4.095,84.254,,,0.892
1734,3.234,0.892,0.0,0.0,0.0,4.095,84.254,,,0.892
1735,3.234,0.892,0.0,0.0,0.0,4.095,84.254,,,0.892
1736,3.234,0.892,0.0,0.0,0.0,4.095,84.254,,,0.892
1737,3.234,0.892,0.0,0.0,0.0,4.095,84.254,,,0.892
1738,3.441,0.867,0.0,0.0,0.0,4.254,84.283,,,0.867
1739,3.441,0.867,0.0,0.0,0.0,4.254,84.283,,,0.867
1740,3.441,0.867,0.0,0.0,0.0,4.254,84.283,,,0.867
1741,3.441,0.867,0.0,0.0,0.0,4.254,84.283,,,0.867
1742,3.441,0.867,0.0,0.0,0.0,4.254,84.283,,,0.867
1743,3.441,0.867,0.0,0.0,0.0,4.254,84.283,,,0.867
1744,3.441,0.867,0.0,0.0,0.0,4.254,84.283,,,0.867
1745,3.441,0.867,0.0,0.0,0.0,4.254,84.283,,,0.867
1746,3.227,0.862,0.0,0.0,0.0,4.094,84.336,,,0.862
1747,3.227,0.862,0.0,0.0,0.0,4.094,84.336,,,0.862
1748,3.227,0.862,0.0,0.0,0.0,4.094,84.336,,,0.862
1749,3.227,0.862,0.0,0.0,0.0,4.094,84.336,,,0.862
1750,3.227,0.862,0.0,0.0,0.0,4.094,84.336,,,0.862
1751,3.227,0.862,0.0,0.0,0.0,4.094,84.336,,,0.862
1752,3.227,0.862,0.0,0.0,0.0,4.094,84.336,,,0.862
1753,3.227,0.862,0.0,0.0,0.0,4.094,84.336,,,0.862
1754,3.227,0.862,0.0,0.0,0.0,4.094,84.336,,,0.862
1755,3.227,0.862,0.0,0.0,0.0,4.094,84.336,,,0.862
1756,3.227,0.862,0.0,0.0,0.0,4.094,84.336,,,0.862
1757,3.227,0.862,0.0,0.0,0.0,4.094,84.336,,,0.862
1758,3.227,0.862,0.0,0.0,0.0,4.094,84.336,,,0.862
1759,3.227,0.862,0.0,0.0,0.0,4.094,84.336,,,0.862
1760,3.227,0.862,0.0,0.0,0.0,4.094,84.336,,,0.862
1761,3.227,0.862,0.0,0.0,0.0,4.094,84.336,,,0.862
1762,3.227,0.862,0.0,0.0,0.0,4.094,84.336,,,0.862
1763,3.227,0.862,0.0,0.0,0.0,4.094,84.336,,,0.862
1764,3.227,0.862,0.0,0.0,0.0,4.094,84.336,,,0.862
1765,3.227,0.862,0.0,0.0,0.0,4.094,84.336,,,0.862
1766,3.227,0.862,0.0,0.0,0.0,4.094,84.336,,,0.862
1767,3.227,0.862,0.0,0.0,0.0,4.094,84.336,,,0.862
1768,3.227,0.862,0.0,0.0,0.0,4.094,84.336,,,0.862
1769,3.227,0.862,0.0,0.0,0.0,4.094,84.336,,,0.862
1770,3.227,0.862,0.0,0.0,0.0,4.094,84.336,,,0.862
1771,3.227,0.862,0.0,0.0,0.0,4.094,84.336,,,0.862
1772,3.227,0.862,0.0,0.0,0.0,4.094,84.336,,,0.862
1773,3.227,0.862,0.0,0.0,0.0,4.094,84.336,,,0.862
1774,3.454,0.921,0.0,0.0,0.0,4.069,84.1,,,0.921
1775,3.235,0.922,0.0,0.0,0.0,3.914,84.419,,,0.922
1776,3.277,0.874,0.0,0.0,0.0,3.89,84.245,,,0.874
1777,3.279,0.875,0.0,0.0,0.0,3.894,84.595,,,0.875
1778,3.249,0.922,0.0,0.0,0.0,4.097,84.319,,,0.922
1779,3.477,0.874,0.0,0.0,0.0,3.901,84.204,,,0.874
1780,3.293,0.874,0.0,0.0,0.0,3.905,84.384,,,0.874
1781,3.261,0.859,0.0,0.0,0.0,4.028,84.263,,,0.859
1782,3.301,0.866,0.0,0.0,0.0,4.069,84.275,,,0.866
1783,3.488,0.903,0.0,0.0,0.0,3.899,84.271,,,0.903
1784,3.269,0.847,0.0,0.0,0.0,4.085,84.361,,,0.847
1785,3.496,0.847,0.0,0.0,0.0,3.893,84.302,,,0.847
1786,3.5,0.816,0.0,0.0,0.0,4.096,84.167,,,0.816
1787,3.409,0.822,0.0,0.0,0.0,3.901,84.329,,,0.822
1788,3.315,0.813,0.0,0.0,0.0,4.104,84.449,,,0.813
1789,3.271,0.87,0.0,0.0,0.0,3.897,88.749,,,0.87
1790,3.314,0.871,0.0,0.0,0.0,3.897,90.063,,,0.871
1791,3.249,0.861,0.0,0.0,0.0,3.848,90.073,,,0.861
1792,3.476,0.921,0.0,0.0,0.0,3.826,85.252,,,0.921
1793,3.255,0.908,0.0,0.0,0.0,3.658,90.115,,,0.908
1794,3.488,0.968,0.0,0.0,0.0,3.65,90.099,,,0.968
1795,3.487,0.971,0.0,0.0,0.0,3.54,84.219,,,0.971
1796,3.493,0.98,0.0,0.0,0.0,3.486,90.096,,,0.98
1797,3.528,0.987,0.0,0.0,0.0,3.41,84.373,,,0.987
1798,3.357,0.934,0.0,0.0,0.0,3.336,85.344,,,0.934
1799,3.581,0.997,0.0,0.0,0.0,3.325,90.152,,,0.997
1800,3.361,0.946,0.0,0.0,0.0,3.434,84.41,,,0.946
1801,3.599,1.013,0.0,0.0,0.0,3.274,90.136,,,1.013
1802,3.599,1.014,0.0,0.0,0.0,3.264,90.131,,,1.014
1803,3.416,0.95,0.0,0.0,0.0,3.362,90.075,,,0.95
1804,3.39,0.96,0.0,0.0,0.0,3.21,90.07,,,0.96
1805,3.58,0.93,0.0,0.0,0.0,3.42,90.06,,,0.93
1806,3.61,0.91,0.0,0.0,0.0,3.24,90.09,,,0.91
1807,3.65,0.92,0.0,0.0,0.0,3.26,90.09,,,0.92
1808,3.47,0.92,0.0,0.0,0.0,3.12,84.2,,,0.92
1809,3.48,0.88,0.0,0.0,0.0,3.12,90.12,,,0.88
1810,3.35,0.86,0.0,0.0,0.0,3.11,90.1,,,0.86
1811,3.3,0.92,0.0,0.0,0.0,3.01,90.1,,,0.92
1812,3.47,0.87,0.0,0.0,0.0,3.01,90.1,,,0.87
1813,3.28,0.87,0.0,0.0,0.0,3.16,84.29,,,0.87
1814,3.51,0.93,0.0,0.0,0.0,3.01,90.1,,,0.93
1815,3.29,0.88,0.0,0.0,0.0,3.02,90.13,,,0.88
1816,3.33,0.88,0.0,0.0,0.0,2.99,90.1,,,0.88
1817,3.33,0.88,0.0,0.0,0.0,2.98,90.07,,,0.88
1818,3.3,0.88,0.0,0.0,0.0,3.09,90.07,,,0.88
1819,3.35,0.88,0.0,0.0,0.0,2.95,84.18,,,0.88
1820,3.54,0.88,0.0,0.0,0.0,2.95,90.12,,,0.88
1821,3.57,0.94,0.0,0.0,0.0,2.95,84.39,,,0.94
1822,3.72,0.88,0.0,0.0,0.0,2.95,90.1,,,0.88
1823,3.8,0.88,0.0,0.0,0.0,2.81,90.1,,,0.88
1824,3.96,0.94,0.0,0.0,0.0,2.96,84.27,,,0.94
1825,3.71,0.89,0.0,0.0,0.0,3.06,90.33,,,0.89
1826,3.72,0.94,0.0,0.0,0.0,2.88,90.33,,,0.94
1827,3.97,0.88,0.0,0.0,0.0,2.9,90.15,,,0.88
1828,3.97,0.88,0.0,0.0,0.0,2.78,90.12,,,0.88
1829,3.76,0.86,0.0,0.0,0.0,2.77,90.08,,,0.86
1830,3.77,0.84,0.0,0.0,0.0,2.53,90.09,,,0.84
1831,3.81,0.9,0.0,0.0,0.0,2.65,84.28,,,0.9
1832,3.82,0.9,0.0,0.0,0.0,2.53,90.1,,,0.9
1833,3.82,0.9,0.0,0.0,0.0,2.52,90.1,,,0.9
1834,3.59,0.85,0.0,0.0,0.0,2.4,90.1,,,0.85
1835,3.59,0.86,0.0,0.0,0.0,2.53,90.11,,,0.86
1836,3.63,0.86,0.0,0.0,0.0,2.4,84.25,,,0.86
1837,3.63,0.82,0.0,0.0,0.0,2.41,90.1,,,0.82
1838,3.87,0.85,0.0,0.0,0.0,2.38,90.1,,,0.85
1839,3.63,0.88,0.0,0.0,0.0,2.37,84.2,,,0.88
1840,3.67,0.89,0.0,0.0,0.0,2.3,90.12,,,0.89
1841,3.72,0.89,0.0,0.0,0.0,2.3,90.13,,,0.89
1842,3.73,0.84,0.0,0.0,0.0,2.3,90.07,,,0.84
1843,3.49,0.84,0.0,0.0,0.0,2.38,84.15,,,0.84
1844,3.74,0.81,0.0,0.0,0.0,2.27,84.15,,,0.81
1845,3.5,0.8,0.0,0.0,0.0,2.31,88.56,,,0.8
1846,3.5,0.79,0.0,0.0,0.0,2.2,89.98,,,0.79
1847,3.56,0.8,0.0,0.0,0.0,2.19,84.23,,,0.8
1848,3.55,0.85,0.0,0.0,0.0,2.08,90.08,,,0.85
1849,3.92,0.86,0.0,0.0,0.0,2.09,89.33,,,0.86
1850,2.13,0.6,0.0,0.0,0.0,4.34,69.0,,,0.6
1851,2.14,0.56,0.0,0.0,0.0,4.37,69.17,,,0.56
1852,2.15,0.6,0.0,0.0,0.0,4.2,69.22,,,0.6
1853,2.02,0.57,0.0,0.0,0.0,4.15,69.37,,,0.57
1854,2.16,0.61,0.0,0.0,0.0,4.19,71.64,,,0.61
1855,2.16,0.61,0.0,0.0,0.0,4.17,68.08,,,0.61
1856,2.27,0.6,0.0,0.0,0.0,4.18,68.11,,,0.6
1857,2.16,0.61,0.0,0.0,0.0,3.98,72.89,,,0.61
1858,2.16,0.6,0.0,0.0,0.0,4.19,72.92,,,0.6
1859,2.19,0.64,0.0,0.0,0.0,3.99,68.37,,,0.64
1860,2.17,0.6,0.0,0.0,0.0,3.94,73.21,,,0.6
1861,2.19,0.61,0.0,0.0,0.0,3.85,73.25,,,0.61
1862,2.32,0.65,0.0,0.0,0.0,3.82,73.26,,,0.65
1863,2.2,0.61,0.0,0.0,0.0,3.78,71.94,,,0.61
1864,2.19,0.61,0.0,0.0,0.0,3.88,77.0,,,0.61
1865,2.2,0.61,0.0,0.0,0.0,3.65,72.93,,,0.61
1866,2.35,0.65,0.0,0.0,0.0,3.64,77.17,,,0.65
1867,2.36,0.66,0.0,0.0,0.0,3.73,77.32,,,0.66
1868,2.24,0.66,0.0,0.0,0.0,3.56,77.36,,,0.66
1869,2.24,0.64,0.0,0.0,0.0,3.56,77.47,,,0.64
1870,2.27,0.62,0.0,0.0,0.0,3.41,78.24,,,0.62
1871,2.24,0.62,0.0,0.0,0.0,3.38,78.44,,,0.62
1872,2.4,0.66,0.0,0.0,0.0,3.27,78.53,,,0.66
1873,2.4,0.64,0.0,0.0,0.0,3.23,71.55,,,0.64
1874,2.25,0.63,0.0,0.0,0.0,3.14,77.19,,,0.63
1875,2.41,0.62,0.0,0.0,0.0,3.04,76.83,,,0.62
1876,2.39,0.67,0.0,0.0,0.0,3.0,81.88,,,0.67
1877,2.28,0.63,0.0,0.0,0.0,2.92,79.98,,,0.63
1878,2.28,0.67,0.0,0.0,0.0,3.04,82.22,,,0.67
1879,2.44,0.64,0.0,0.0,0.0,2.9,84.76,,,0.64
1880,2.44,0.69,0.0,0.0,0.0,2.86,85.5,,,0.69
1881,2.47,0.69,0.0,0.0,0.0,2.93,85.81,,,0.69
1882,2.49,0.69,0.0,0.0,0.0,2.8,89.11,,,0.69
1883,2.61,0.65,0.0,0.0,0.0,2.8,84.19,,,0.65
1884,2.71,0.67,0.0,0.0,0.0,2.47,88.47,,,0.67
1885,2.56,0.7,0.0,0.0,0.0,2.47,84.21,,,0.7
